Order_ID,Date,Food_Item,Quantity_Sold,Price,Weather,Weekend,Festival,Customer_Count,Inventory_Level
1,2024-05-18,Biryani,15,214.93,Rainy,1,0,222,55
2,2024-05-24,Biryani,4,333.73,Sunny,0,1,197,497
3,2024-02-01,Burger,1,435.73,Rainy,1,0,84,327
4,2023-11-22,Wrap,7,300.88,Cloudy,1,1,249,252
5,2024-08-08,Burger,13,262.5,Sunny,0,0,295,485
6,2023-06-11,Tea,4,64.95,Cloudy,0,1,255,330
7,2024-08-08,Cake,1,345.37,Sunny,0,1,210,392
8,2024-01-12,Noodles,3,340.68,Hot,0,1,150,113
9,2024-08-10,Fried Rice,6,159.89,Rainy,1,0,60,284
10,2023-08-17,Ice Cream,4,269.94,Rainy,1,1,20,251
11,2023-12-26,Juice,19,79.69,Rainy,1,0,195,254
12,2023-06-12,Pizza,14,211.83,Sunny,1,1,80,56
13,2024-07-19,Burger,14,337.29,Hot,0,0,147,428
14,2023-01-29,Pasta,17,337.38,Cloudy,0,0,284,315
15,2024-09-23,Wrap,9,370.12,Hot,0,1,85,349
16,2024-05-12,Sandwich,15,99.47,Hot,0,0,209,463
17,2024-05-16,Tea,4,70.81,Cloudy,1,0,47,153
18,2024-09-08,Cake,8,391.73,Rainy,1,1,259,423
19,2024-07-01,Burger,14,292.72,Cloudy,0,1,209,90
20,2023-03-25,Salad,8,378.79,Cloudy,0,0,292,394
21,2023-11-13,Salad,5,296.42,Hot,1,1,243,285
22,2023-07-08,Ice Cream,2,444.15,Sunny,1,1,75,331
23,2024-06-29,Tacos,4,243.31,Hot,0,1,81,353
24,2024-11-01,Burger,19,149.04,Rainy,0,1,33,234
25,2023-04-10,Noodles,5,337.31,Rainy,1,0,254,473
26,2024-03-16,Cake,6,402.32,Sunny,0,0,168,480
27,2023-12-07,Coffee,14,458.9,Sunny,0,1,267,391
28,2023-01-04,Sandwich,13,85.79,Rainy,1,0,80,131
29,2024-05-17,Pizza,11,210.76,Cloudy,1,0,122,496
30,2024-09-24,Sandwich,15,199.25,Hot,1,1,92,249
31,2023-04-01,Tacos,4,379.35,Rainy,1,1,177,297
32,2024-10-05,Wrap,19,77.4,Cloudy,0,1,195,53
33,2024-11-12,Ice Cream,7,230.77,Sunny,0,0,212,53
34,2023-10-14,Juice,4,409.74,Rainy,0,1,185,264
35,2024-02-28,Juice,19,106.47,Rainy,1,1,45,109
36,2024-05-19,Juice,19,287.96,Cloudy,1,1,230,358
37,2024-05-21,Pasta,13,369.35,Hot,0,0,273,214
38,2024-10-30,Pasta,2,369.7,Sunny,1,0,50,388
39,2024-07-30,Biryani,19,201.63,Hot,1,1,169,381
40,2023-12-12,Tacos,9,55.26,Cloudy,1,0,87,428
41,2024-11-28,Biryani,12,180.97,Cloudy,0,1,297,234
42,2023-12-26,Salad,4,252.14,Sunny,0,0,37,341
43,2024-08-27,Noodles,8,135.09,Sunny,0,1,275,323
44,2024-12-22,Coffee,2,215.38,Hot,0,0,78,456
45,2024-12-26,Cake,6,256.68,Rainy,1,0,262,436
46,2023-08-04,Noodles,15,326.43,Rainy,0,1,226,477
47,2023-12-02,Tacos,11,120.16,Sunny,1,0,225,385
48,2024-11-22,Tea,15,279.3,Cloudy,1,0,205,475
49,2024-12-01,Sandwich,18,144.51,Sunny,1,1,207,487
50,2023-03-21,Pizza,6,208.11,Cloudy,1,0,30,427
51,2024-08-27,Juice,13,123.28,Hot,1,1,65,224
52,2023-07-23,Cake,7,207.33,Rainy,0,1,207,345
53,2023-02-13,Sandwich,8,303.84,Cloudy,1,1,116,435
54,2024-02-15,Fried Rice,8,498.69,Cloudy,0,0,208,67
55,2024-12-29,Salad,17,324.35,Rainy,1,1,40,274
56,2023-01-08,Ice Cream,15,294.74,Cloudy,1,1,27,361
57,2023-06-15,Pizza,15,353.61,Hot,1,0,188,242
58,2024-09-13,Fried Rice,9,393.55,Sunny,1,0,184,410
59,2023-04-04,Tea,11,471.78,Hot,0,0,233,82
60,2024-12-07,Noodles,3,232.77,Cloudy,1,0,53,368
61,2024-11-29,Noodles,7,429.12,Hot,0,1,253,361
62,2023-06-22,Fried Rice,12,292.64,Rainy,0,1,43,121
63,2023-03-14,Pizza,16,87.34,Hot,0,0,29,50
64,2023-09-24,Pasta,16,349.92,Rainy,1,0,118,453
65,2024-03-07,Salad,19,147.27,Cloudy,0,0,20,260
66,2023-03-29,Tacos,14,56.4,Cloudy,1,1,64,96
67,2024-06-28,Pizza,9,168.97,Hot,1,1,51,171
68,2023-02-01,Biryani,13,312.68,Hot,0,0,139,99
69,2024-01-28,Burger,11,113.65,Cloudy,0,0,264,157
70,2024-08-13,Juice,15,130.88,Cloudy,1,1,144,155
71,2024-05-04,Cake,18,491.88,Cloudy,0,1,130,155
72,2024-06-02,Coffee,5,261.97,Cloudy,1,0,177,393
73,2024-12-25,Pasta,11,180.37,Rainy,1,0,195,315
74,2024-06-15,Tacos,7,97.61,Cloudy,1,0,283,273
75,2023-06-02,Fried Rice,14,218.82,Cloudy,0,1,169,275
76,2023-01-10,Ice Cream,2,246.01,Sunny,1,0,142,458
77,2023-10-31,Sandwich,3,178.34,Rainy,1,0,109,297
78,2024-10-18,Cake,4,410.41,Cloudy,1,1,33,218
79,2024-05-11,Burger,2,196.79,Rainy,0,0,263,313
80,2024-06-22,Tacos,6,86.17,Rainy,0,1,122,339
81,2024-05-05,Biryani,6,449.74,Hot,1,1,219,208
82,2024-06-03,Noodles,4,438.74,Rainy,1,0,279,168
83,2024-02-22,Wrap,13,379.46,Hot,0,0,272,352
84,2024-08-04,Noodles,8,189.57,Sunny,0,0,262,205
85,2023-04-17,Juice,8,473.81,Cloudy,0,0,258,134
86,2024-04-13,Pizza,13,195.71,Sunny,0,1,162,254
87,2024-12-29,Wrap,1,197.99,Hot,0,0,117,173
88,2024-07-31,Fried Rice,9,350.23,Sunny,1,1,234,92
89,2023-11-27,Coffee,3,110.8,Hot,0,1,142,53
90,2024-02-23,Sandwich,17,362.24,Hot,1,1,221,317
91,2024-04-21,Ice Cream,9,298.13,Cloudy,0,1,262,124
92,2024-10-08,Pasta,6,158.43,Hot,1,1,101,240
93,2023-03-01,Ice Cream,3,463.07,Rainy,0,1,176,498
94,2023-01-13,Salad,15,113.96,Sunny,1,1,217,171
95,2023-01-31,Coffee,10,119.28,Rainy,1,0,65,386
96,2023-01-28,Salad,13,164.48,Hot,1,1,272,193
97,2023-01-01,Burger,8,204.29,Cloudy,1,0,145,251
98,2023-06-11,Pizza,6,146.2,Sunny,0,0,244,349
99,2024-02-13,Coffee,12,355.38,Sunny,1,1,221,382
100,2024-01-19,Burger,6,450.92,Cloudy,1,1,198,260
101,2024-01-09,Burger,18,266.86,Rainy,0,0,123,133
102,2023-12-04,Cake,14,304.57,Rainy,0,0,144,377
103,2023-06-09,Tacos,16,146.55,Rainy,0,1,107,418
104,2023-11-09,Juice,3,453.28,Rainy,0,1,238,138
105,2024-07-19,Pizza,17,494.2,Rainy,1,0,182,476
106,2024-01-23,Salad,19,346.02,Sunny,1,0,166,361
107,2024-06-08,Fried Rice,6,496.79,Sunny,1,1,104,229
108,2023-05-28,Coffee,2,427.3,Cloudy,1,1,261,241
109,2024-06-29,Noodles,17,187.31,Sunny,0,1,20,177
110,2024-10-01,Biryani,14,266.21,Cloudy,0,0,62,268
111,2024-05-15,Sandwich,7,124.2,Hot,0,0,155,169
112,2023-01-20,Salad,19,306.44,Sunny,1,1,120,97
113,2023-10-12,Pizza,6,225.61,Sunny,1,0,28,315
114,2024-10-26,Tacos,11,229.72,Cloudy,0,0,226,289
115,2024-03-16,Salad,2,243.51,Rainy,0,0,133,115
116,2024-07-21,Wrap,8,129.25,Hot,0,1,182,411
117,2024-05-21,Wrap,17,146.42,Hot,0,0,157,173
118,2024-04-18,Juice,13,390.98,Sunny,0,0,56,278
119,2023-11-21,Wrap,6,306.35,Cloudy,0,0,177,362
120,2023-10-05,Juice,4,109.71,Hot,0,1,188,316
121,2023-12-27,Biryani,2,186.82,Cloudy,1,0,51,375
122,2024-02-02,Tacos,8,156.48,Rainy,1,1,254,292
123,2023-12-27,Tea,15,317.21,Hot,1,0,60,104
124,2023-07-27,Tea,11,142.4,Rainy,0,0,171,484
125,2023-11-01,Sandwich,13,360.04,Rainy,1,0,227,308
126,2024-03-05,Ice Cream,8,313.19,Sunny,0,1,202,461
127,2023-11-27,Juice,15,265.83,Rainy,0,1,42,136
128,2024-10-03,Tea,13,250.28,Cloudy,1,0,128,301
129,2023-09-21,Burger,16,223.24,Sunny,0,0,105,71
130,2024-06-27,Wrap,9,96.1,Sunny,1,0,89,287
131,2023-05-17,Tacos,11,146.85,Sunny,1,1,84,404
132,2023-02-16,Tacos,8,286.46,Cloudy,1,0,177,425
133,2024-09-06,Fried Rice,3,214.81,Rainy,1,0,238,415
134,2024-06-27,Pizza,5,307.23,Sunny,1,1,87,304
135,2023-11-10,Coffee,19,415.69,Cloudy,0,0,259,414
136,2024-07-21,Ice Cream,17,406.84,Sunny,1,1,130,388
137,2023-09-10,Salad,2,447.24,Rainy,0,1,248,283
138,2024-04-25,Salad,19,176.02,Sunny,1,0,105,495
139,2023-07-26,Noodles,7,303.38,Cloudy,1,1,76,176
140,2024-01-04,Fried Rice,5,278.45,Cloudy,0,1,143,61
141,2024-02-25,Ice Cream,19,132.33,Rainy,1,1,174,137
142,2024-11-10,Juice,1,322.64,Sunny,0,0,252,427
143,2024-11-26,Juice,15,192.37,Rainy,0,0,285,299
144,2024-11-09,Wrap,6,424.85,Rainy,1,1,167,57
145,2023-02-28,Wrap,7,222.48,Hot,0,0,236,170
146,2023-09-19,Burger,16,63.59,Cloudy,1,1,35,237
147,2024-11-03,Tea,15,419.03,Cloudy,0,0,189,142
148,2024-11-28,Burger,4,228.13,Cloudy,1,1,246,403
149,2023-06-17,Ice Cream,12,418.31,Sunny,0,0,244,171
150,2023-12-29,Ice Cream,5,458.38,Sunny,0,0,117,304
151,2024-05-04,Wrap,3,285.46,Sunny,0,0,48,380
152,2023-10-05,Tea,6,454.47,Cloudy,1,0,144,115
153,2024-08-15,Biryani,15,160.72,Sunny,1,0,31,178
154,2023-12-16,Pasta,6,238.49,Rainy,0,0,286,472
155,2024-11-18,Tea,9,105.33,Sunny,0,0,94,478
156,2024-08-29,Pizza,5,199.72,Rainy,1,1,161,139
157,2023-05-25,Burger,19,410.67,Hot,1,1,252,346
158,2023-07-10,Wrap,16,50.59,Hot,1,1,138,316
159,2024-12-14,Pizza,19,82.75,Hot,1,0,199,406
160,2024-09-25,Sandwich,1,90.06,Sunny,0,0,219,447
161,2023-07-30,Biryani,17,408.54,Hot,0,0,139,271
162,2024-11-19,Wrap,17,473.22,Sunny,0,1,141,62
163,2024-10-06,Salad,15,165.05,Cloudy,1,0,199,281
164,2024-12-16,Noodles,17,119.08,Hot,1,0,82,435
165,2024-05-14,Salad,7,317.72,Sunny,1,0,198,126
166,2023-04-16,Pasta,18,197.15,Cloudy,0,1,184,138
167,2023-04-06,Burger,17,140.65,Rainy,0,1,21,260
168,2024-10-08,Tea,6,324.53,Sunny,0,0,150,405
169,2023-06-26,Wrap,2,401.94,Cloudy,1,1,90,82
170,2023-10-30,Wrap,15,266.58,Sunny,0,0,204,126
171,2023-01-12,Biryani,5,147.47,Hot,1,0,187,311
172,2024-03-17,Tea,19,471.44,Rainy,0,1,131,250
173,2023-09-07,Coffee,6,239.22,Hot,1,1,113,50
174,2024-02-14,Tea,3,87.27,Rainy,1,0,274,302
175,2024-04-26,Burger,11,239.85,Cloudy,1,1,82,187
176,2023-11-04,Pasta,5,236.56,Sunny,0,1,155,340
177,2023-09-27,Pizza,10,292.88,Sunny,0,0,283,339
178,2024-04-14,Pasta,5,196.18,Cloudy,0,0,209,237
179,2024-12-13,Tacos,3,426.78,Sunny,1,0,26,77
180,2024-06-23,Fried Rice,16,378.58,Hot,0,1,237,355
181,2023-07-03,Wrap,15,103.47,Cloudy,0,1,189,427
182,2024-08-15,Pizza,17,107.85,Rainy,0,0,230,93
183,2023-01-24,Juice,2,316.64,Cloudy,1,1,289,137
184,2024-07-16,Noodles,15,415.63,Sunny,0,0,171,192
185,2024-04-12,Ice Cream,19,166.36,Hot,0,0,190,303
186,2024-04-16,Pizza,12,88.31,Cloudy,1,0,162,58
187,2024-07-11,Burger,4,202.16,Sunny,1,1,249,445
188,2023-01-23,Burger,8,126.91,Hot,0,1,69,212
189,2023-12-13,Noodles,18,223.9,Hot,1,0,51,359
190,2024-04-27,Fried Rice,10,301.79,Cloudy,1,1,56,345
191,2024-07-17,Pizza,18,179.88,Cloudy,0,0,234,113
192,2024-03-16,Fried Rice,14,185.94,Rainy,1,0,133,472
193,2024-09-20,Burger,6,53.9,Cloudy,1,1,144,308
194,2023-10-09,Ice Cream,15,454.85,Sunny,1,0,210,418
195,2024-06-22,Burger,14,309.18,Sunny,0,1,181,167
196,2023-10-10,Wrap,9,387.03,Hot,0,0,239,377
197,2024-12-22,Noodles,1,269.7,Rainy,1,0,124,474
198,2024-06-05,Salad,10,474.26,Cloudy,1,0,177,154
199,2024-05-16,Burger,12,172.89,Sunny,0,1,205,260
200,2024-04-25,Pizza,15,75.56,Rainy,1,0,47,392
201,2023-03-02,Pizza,3,304.59,Hot,0,1,251,185
202,2024-11-17,Sandwich,11,264.5,Sunny,0,1,186,241
203,2023-05-08,Sandwich,5,381.64,Rainy,1,1,160,75
204,2023-10-09,Tacos,14,408.46,Hot,0,1,209,464
205,2024-08-24,Fried Rice,17,492.39,Hot,0,1,144,170
206,2024-06-19,Juice,7,89.66,Cloudy,0,1,183,378
207,2023-01-30,Pasta,9,113.1,Sunny,1,0,153,401
208,2023-01-27,Noodles,18,303.59,Rainy,0,0,92,54
209,2023-10-15,Coffee,10,406.44,Cloudy,0,0,88,466
210,2023-11-23,Biryani,11,496.39,Hot,0,1,165,70
211,2024-07-11,Burger,13,268.32,Rainy,0,0,287,300
212,2024-01-04,Tacos,6,254.97,Rainy,1,0,60,100
213,2023-06-24,Salad,13,171.81,Hot,0,0,266,177
214,2024-09-11,Tacos,19,228.74,Sunny,0,0,99,199
215,2024-08-02,Ice Cream,5,257.54,Sunny,1,0,85,410
216,2024-07-07,Tacos,8,374.01,Sunny,1,0,251,218
217,2023-11-08,Ice Cream,15,170.32,Cloudy,0,0,36,471
218,2024-10-05,Wrap,16,488.43,Cloudy,0,0,168,135
219,2024-01-18,Cake,10,264.62,Sunny,1,1,148,410
220,2024-02-27,Wrap,17,276.5,Rainy,0,0,24,499
221,2023-07-17,Juice,11,243.28,Cloudy,0,0,214,143
222,2024-09-04,Burger,11,125.55,Sunny,1,1,154,366
223,2023-03-07,Noodles,8,137.05,Hot,0,0,77,411
224,2024-03-01,Salad,14,125.06,Cloudy,0,1,148,217
225,2023-05-30,Pizza,2,400.82,Rainy,0,1,142,306
226,2023-05-13,Pasta,19,346.16,Cloudy,1,0,93,145
227,2024-04-27,Pasta,3,317.28,Hot,0,0,103,365
228,2023-12-12,Wrap,16,301.7,Sunny,0,1,173,166
229,2023-06-03,Ice Cream,2,401.68,Hot,1,1,244,164
230,2024-03-23,Pizza,6,479.77,Sunny,1,0,243,245
231,2023-05-05,Juice,9,110.95,Sunny,0,1,99,103
232,2024-04-09,Sandwich,8,150.82,Sunny,0,0,58,402
233,2023-07-16,Burger,5,269.01,Sunny,1,1,79,474
234,2023-09-08,Wrap,5,472.72,Sunny,1,1,245,478
235,2024-11-23,Pizza,7,89.81,Rainy,1,0,105,483
236,2023-08-04,Sandwich,18,89.99,Cloudy,1,1,210,318
237,2024-10-22,Ice Cream,15,183.65,Hot,0,0,153,374
238,2023-06-23,Fried Rice,12,405.43,Cloudy,0,0,59,355
239,2024-03-21,Pizza,3,147.72,Cloudy,1,0,100,275
240,2023-08-16,Wrap,5,172.13,Rainy,0,1,167,284
241,2023-10-10,Burger,13,166.46,Hot,0,0,158,406
242,2023-11-21,Ice Cream,8,96.6,Rainy,1,1,97,238
243,2023-04-04,Burger,17,218.92,Rainy,0,0,111,313
244,2023-02-26,Pizza,9,273.52,Hot,1,1,227,219
245,2024-09-27,Tea,16,170.92,Cloudy,1,0,282,366
246,2024-08-20,Burger,7,58.84,Hot,1,1,44,309
247,2024-10-19,Wrap,10,456.69,Hot,1,0,100,350
248,2023-09-17,Tacos,6,205.37,Hot,0,1,147,129
249,2023-09-09,Wrap,14,218.96,Rainy,0,0,282,68
250,2024-02-20,Noodles,16,390.27,Rainy,1,0,56,206
251,2024-06-12,Pasta,14,337.61,Rainy,0,0,130,410
252,2024-04-18,Noodles,19,73.45,Rainy,1,0,39,319
253,2023-10-27,Coffee,10,359.58,Rainy,1,0,170,202
254,2023-11-04,Pizza,9,260.41,Sunny,1,0,37,175
255,2023-02-20,Burger,9,276.7,Hot,1,0,279,287
256,2024-09-01,Fried Rice,5,300.18,Hot,1,0,191,378
257,2024-03-03,Fried Rice,2,232.52,Hot,0,1,26,165
258,2024-07-14,Salad,16,347.93,Hot,0,1,260,482
259,2023-05-11,Pasta,4,481.93,Cloudy,0,0,131,302
260,2023-04-06,Pizza,7,468.29,Cloudy,1,1,42,181
261,2024-10-12,Wrap,10,164.3,Cloudy,0,1,23,52
262,2023-07-30,Burger,4,350.81,Rainy,0,0,28,402
263,2023-10-14,Biryani,12,240.59,Rainy,1,1,162,383
264,2024-09-06,Cake,18,383.9,Hot,1,1,21,74
265,2023-11-07,Pasta,8,68.41,Sunny,0,0,133,284
266,2024-12-10,Cake,2,193.86,Sunny,0,1,203,353
267,2024-09-03,Fried Rice,13,465.4,Hot,1,1,131,424
268,2023-07-25,Pizza,8,290.68,Sunny,0,1,281,53
269,2024-05-05,Tea,3,106.47,Rainy,0,0,198,285
270,2023-03-11,Burger,11,443.76,Cloudy,1,0,260,179
271,2023-06-15,Biryani,4,327.86,Hot,1,0,225,341
272,2024-10-05,Biryani,8,432.18,Rainy,0,1,176,228
273,2024-11-24,Coffee,10,204.16,Cloudy,0,0,108,168
274,2024-10-27,Pasta,17,309.02,Sunny,1,0,72,261
275,2023-12-24,Salad,1,207.94,Cloudy,0,1,237,315
276,2023-07-23,Pizza,7,470.54,Hot,1,0,226,245
277,2023-11-30,Sandwich,10,477.92,Cloudy,0,1,76,254
278,2023-10-14,Fried Rice,13,142.53,Cloudy,1,1,285,75
279,2024-02-07,Tacos,8,170.73,Hot,1,1,42,368
280,2023-06-02,Ice Cream,1,228.23,Rainy,0,1,286,341
281,2024-12-24,Wrap,13,110.23,Sunny,0,1,29,224
282,2024-12-15,Pizza,1,318.65,Rainy,0,1,157,495
283,2023-04-14,Coffee,6,426.1,Rainy,1,1,85,402
284,2024-11-20,Sandwich,1,398.07,Hot,0,1,234,124
285,2023-06-18,Cake,11,261.53,Sunny,1,1,207,341
286,2023-12-14,Tacos,15,171.71,Hot,1,0,238,160
287,2024-04-16,Pizza,2,147.41,Hot,1,0,160,432
288,2023-06-21,Juice,2,324.23,Hot,0,0,292,185
289,2023-06-25,Sandwich,1,311.37,Rainy,0,1,37,333
290,2023-07-13,Coffee,5,415.13,Cloudy,0,1,240,133
291,2023-08-25,Cake,9,414.86,Hot,1,1,232,497
292,2024-04-23,Burger,5,54.92,Rainy,1,1,34,192
293,2023-09-14,Pasta,12,288.58,Sunny,0,1,163,54
294,2023-05-16,Sandwich,17,468.58,Sunny,1,0,138,482
295,2024-10-23,Biryani,16,208.73,Hot,1,1,180,78
296,2024-10-31,Ice Cream,7,474.76,Cloudy,0,0,84,477
297,2024-11-29,Pasta,1,197.53,Rainy,0,1,74,336
298,2024-04-30,Juice,10,342.78,Cloudy,1,1,217,234
299,2024-02-29,Burger,15,278.24,Hot,0,0,258,494
300,2024-12-05,Wrap,13,383.03,Cloudy,1,1,86,475
301,2024-09-27,Pizza,2,303.72,Rainy,1,0,287,371
302,2023-05-22,Fried Rice,4,62.62,Hot,0,1,115,115
303,2024-01-18,Coffee,19,247.45,Rainy,0,0,127,498
304,2023-11-05,Pasta,17,58.82,Sunny,1,1,170,310
305,2024-09-19,Burger,3,318.64,Cloudy,1,0,290,163
306,2023-09-12,Wrap,19,452.78,Hot,1,0,179,100
307,2023-03-08,Biryani,15,194.62,Cloudy,0,0,229,326
308,2023-02-21,Pizza,13,442.42,Hot,0,0,233,195
309,2023-07-21,Biryani,1,367.79,Sunny,0,1,112,264
310,2024-06-07,Cake,4,311.85,Rainy,1,0,155,494
311,2023-01-28,Noodles,8,100.23,Hot,0,1,217,234
312,2023-06-18,Juice,3,477.59,Rainy,0,1,97,185
313,2023-11-03,Burger,6,153.17,Sunny,0,0,90,76
314,2023-03-06,Pizza,8,293.37,Hot,1,0,200,267
315,2024-10-22,Wrap,14,274.31,Rainy,0,0,94,56
316,2023-09-07,Pizza,5,372.29,Sunny,1,0,135,178
317,2023-04-13,Pizza,16,125.91,Rainy,1,1,283,262
318,2023-03-16,Coffee,11,268.87,Sunny,1,1,260,144
319,2023-02-07,Burger,7,373.43,Cloudy,0,0,214,496
320,2024-10-13,Cake,13,271.65,Hot,1,1,281,105
321,2024-05-14,Pasta,16,156.65,Rainy,1,1,246,249
322,2023-01-04,Fried Rice,19,477.21,Hot,0,1,299,255
323,2024-01-24,Pizza,10,152.07,Hot,0,0,136,97
324,2024-08-06,Fried Rice,10,146.09,Sunny,1,1,200,124
325,2024-07-17,Fried Rice,6,170.78,Cloudy,0,0,51,316
326,2024-09-25,Burger,19,447.51,Rainy,0,1,239,439
327,2023-06-24,Pizza,17,358.38,Cloudy,0,1,294,395
328,2024-05-16,Ice Cream,14,331.79,Hot,1,0,294,213
329,2023-12-02,Pasta,13,456.0,Cloudy,1,0,246,89
330,2023-07-13,Biryani,5,260.54,Sunny,0,0,89,326
331,2024-12-09,Juice,16,82.69,Rainy,1,1,272,336
332,2023-09-28,Salad,10,405.9,Hot,1,1,264,203
333,2024-01-14,Sandwich,6,60.79,Sunny,0,0,44,472
334,2023-02-17,Coffee,19,146.94,Hot,1,1,160,497
335,2023-09-03,Sandwich,2,202.97,Cloudy,1,1,105,324
336,2024-12-18,Wrap,1,195.06,Rainy,1,0,46,362
337,2023-07-18,Biryani,10,461.21,Cloudy,1,0,221,179
338,2023-12-10,Biryani,12,465.5,Sunny,0,0,26,170
339,2024-01-09,Cake,6,400.15,Hot,1,0,267,162
340,2024-09-19,Sandwich,19,217.89,Hot,0,1,110,431
341,2023-09-22,Tacos,9,258.64,Sunny,0,1,177,150
342,2024-05-01,Salad,10,341.12,Sunny,0,0,248,320
343,2024-11-18,Salad,16,305.16,Sunny,1,1,231,178
344,2024-05-28,Noodles,8,122.81,Hot,1,0,21,479
345,2024-06-03,Coffee,12,191.28,Rainy,0,1,65,275
346,2023-10-31,Sandwich,18,353.32,Rainy,0,0,293,228
347,2024-09-17,Pasta,6,447.66,Hot,1,0,210,455
348,2024-09-15,Juice,11,181.99,Cloudy,0,1,228,144
349,2024-08-22,Salad,17,241.08,Hot,1,1,209,158
350,2024-03-23,Tacos,16,139.15,Cloudy,1,0,25,79
351,2023-01-05,Biryani,4,293.03,Hot,0,1,148,467
352,2024-07-08,Coffee,16,442.52,Rainy,1,1,262,241
353,2023-04-04,Sandwich,9,418.68,Hot,0,0,84,81
354,2024-03-26,Coffee,14,495.08,Cloudy,1,1,112,243
355,2023-05-21,Coffee,15,234.46,Hot,1,0,66,162
356,2023-02-07,Pizza,8,282.95,Cloudy,1,1,265,168
357,2024-08-20,Wrap,17,384.94,Rainy,0,0,149,309
358,2024-03-31,Biryani,9,393.28,Rainy,0,1,74,497
359,2024-06-19,Burger,13,393.61,Hot,0,0,57,179
360,2023-05-30,Noodles,14,188.08,Rainy,1,0,64,459
361,2024-02-22,Noodles,10,247.42,Sunny,1,1,222,59
362,2024-01-17,Wrap,7,303.35,Hot,0,1,274,163
363,2024-06-11,Noodles,7,429.44,Hot,0,1,46,403
364,2023-10-25,Wrap,18,463.82,Cloudy,0,0,41,245
365,2023-05-21,Tacos,13,372.29,Cloudy,1,1,116,92
366,2023-12-15,Pizza,16,87.28,Cloudy,0,0,292,444
367,2024-11-29,Coffee,10,376.23,Sunny,0,0,295,72
368,2023-08-16,Tacos,2,253.71,Hot,0,1,26,307
369,2024-12-04,Biryani,9,307.02,Cloudy,0,0,28,130
370,2023-01-21,Tacos,13,153.5,Rainy,0,1,64,188
371,2024-10-27,Salad,17,311.32,Cloudy,0,1,126,235
372,2024-03-21,Pizza,19,321.61,Sunny,1,1,81,97
373,2024-09-20,Biryani,14,344.34,Rainy,1,1,211,327
374,2023-03-27,Wrap,7,429.33,Sunny,0,1,287,443
375,2024-09-10,Cake,19,248.71,Hot,0,1,93,494
376,2024-09-28,Coffee,11,325.16,Sunny,0,0,214,467
377,2023-05-17,Fried Rice,5,364.85,Sunny,0,1,180,429
378,2023-06-09,Salad,6,52.18,Hot,0,0,103,352
379,2024-04-18,Sandwich,10,192.6,Sunny,1,0,268,451
380,2023-11-30,Juice,5,126.35,Hot,1,1,162,404
381,2023-06-19,Wrap,12,447.93,Sunny,1,0,145,318
382,2024-08-30,Tea,7,349.23,Hot,1,0,227,256
383,2023-04-05,Fried Rice,19,191.38,Hot,1,1,290,226
384,2023-09-23,Cake,17,243.85,Sunny,1,1,109,218
385,2024-11-03,Tea,6,460.85,Cloudy,0,1,111,140
386,2023-01-17,Cake,17,474.37,Hot,0,1,133,359
387,2023-06-05,Salad,12,71.75,Hot,0,1,36,484
388,2024-10-30,Tacos,17,378.48,Sunny,0,0,93,390
389,2024-07-14,Coffee,8,488.57,Cloudy,0,1,98,78
390,2024-07-08,Burger,4,355.92,Hot,1,1,213,464
391,2024-03-31,Noodles,2,190.22,Rainy,0,0,98,405
392,2024-02-22,Wrap,19,455.46,Cloudy,1,0,74,141
393,2023-08-31,Sandwich,18,323.31,Rainy,1,1,213,139
394,2023-11-27,Ice Cream,9,287.66,Hot,0,0,186,415
395,2023-02-02,Noodles,3,387.34,Hot,0,1,277,68
396,2024-02-11,Biryani,2,284.9,Sunny,1,1,69,334
397,2024-11-23,Coffee,14,86.61,Cloudy,0,0,88,414
398,2024-10-25,Juice,3,328.74,Cloudy,1,1,230,321
399,2023-10-18,Burger,17,302.4,Rainy,1,0,192,273
400,2023-05-15,Fried Rice,4,380.49,Hot,1,1,41,140
401,2024-03-18,Coffee,7,384.76,Sunny,0,1,22,476
402,2023-06-04,Wrap,19,449.33,Hot,0,0,280,472
403,2023-02-16,Pizza,14,420.53,Cloudy,1,1,68,483
404,2023-05-02,Sandwich,18,445.29,Sunny,0,1,287,152
405,2023-03-18,Biryani,3,294.76,Sunny,0,0,205,92
406,2024-07-08,Pizza,18,230.08,Hot,0,1,189,234
407,2024-03-22,Coffee,2,291.4,Rainy,1,0,104,246
408,2023-08-01,Noodles,18,147.74,Rainy,0,0,277,484
409,2024-06-09,Burger,14,269.46,Rainy,1,1,116,248
410,2024-05-26,Pasta,1,290.44,Hot,0,1,200,139
411,2024-04-04,Burger,15,108.46,Rainy,1,0,30,356
412,2024-08-25,Biryani,9,132.87,Cloudy,0,0,263,453
413,2024-06-28,Sandwich,18,87.85,Cloudy,0,0,139,367
414,2023-04-25,Noodles,15,224.51,Sunny,1,1,203,109
415,2023-11-15,Coffee,17,390.5,Cloudy,1,0,270,127
416,2024-11-08,Biryani,11,392.68,Rainy,0,0,143,259
417,2024-12-03,Burger,11,240.01,Sunny,1,0,260,83
418,2023-11-27,Salad,10,430.89,Rainy,0,1,262,260
419,2024-03-14,Juice,11,69.49,Cloudy,0,0,58,407
420,2024-02-09,Wrap,12,348.23,Cloudy,0,1,172,273
421,2023-09-22,Pizza,2,406.85,Sunny,0,0,94,272
422,2024-07-07,Wrap,5,281.62,Rainy,1,0,47,403
423,2024-07-18,Tacos,14,301.89,Rainy,0,0,143,81
424,2023-11-07,Biryani,17,120.57,Rainy,1,1,240,51
425,2023-10-28,Coffee,1,311.59,Sunny,1,0,44,151
426,2024-12-09,Tea,9,265.77,Hot,1,1,217,225
427,2024-10-31,Fried Rice,5,303.19,Hot,1,0,21,236
428,2023-09-18,Cake,9,224.65,Hot,1,1,163,131
429,2024-08-08,Fried Rice,15,313.65,Hot,0,0,80,399
430,2023-09-08,Tea,3,378.36,Rainy,1,1,265,417
431,2023-02-05,Coffee,19,202.28,Sunny,0,0,164,423
432,2024-11-23,Cake,16,418.49,Rainy,0,1,53,245
433,2024-09-06,Noodles,17,50.79,Sunny,0,0,272,404
434,2023-10-04,Juice,19,118.14,Cloudy,1,0,245,364
435,2024-09-24,Salad,7,378.18,Hot,1,0,246,313
436,2024-02-09,Biryani,10,410.4,Rainy,0,0,103,169
437,2023-03-29,Salad,14,136.05,Rainy,1,0,218,118
438,2024-09-12,Pizza,15,163.76,Hot,1,1,295,496
439,2024-04-12,Cake,1,60.04,Sunny,0,0,105,364
440,2023-12-17,Ice Cream,10,311.87,Hot,0,1,192,146
441,2023-11-11,Noodles,17,68.57,Rainy,1,1,92,139
442,2024-07-28,Fried Rice,13,267.43,Rainy,1,1,165,461
443,2023-09-25,Tea,1,137.2,Sunny,0,1,66,178
444,2024-08-13,Biryani,11,323.07,Cloudy,0,0,256,188
445,2024-08-05,Fried Rice,1,349.01,Hot,0,0,150,146
446,2024-02-15,Fried Rice,7,487.62,Cloudy,0,1,27,310
447,2024-07-10,Ice Cream,8,489.34,Hot,0,0,263,465
448,2024-03-24,Cake,7,258.63,Cloudy,0,1,26,317
449,2023-07-08,Fried Rice,13,230.29,Cloudy,1,0,104,257
450,2023-08-16,Ice Cream,15,467.26,Hot,1,0,129,249
451,2023-08-07,Burger,11,260.4,Rainy,0,0,240,434
452,2024-02-26,Biryani,13,53.76,Sunny,0,0,59,425
453,2024-09-09,Juice,13,343.48,Rainy,1,1,272,384
454,2023-10-27,Noodles,11,174.95,Cloudy,0,0,62,316
455,2024-07-12,Tacos,9,158.55,Hot,1,0,113,323
456,2024-05-25,Fried Rice,3,411.51,Hot,1,0,207,466
457,2024-12-29,Salad,1,485.02,Hot,1,1,46,102
458,2024-06-27,Biryani,19,205.6,Cloudy,1,0,299,315
459,2023-02-23,Sandwich,7,167.27,Sunny,1,1,181,419
460,2023-05-05,Juice,4,441.09,Rainy,1,0,94,385
461,2024-05-24,Pasta,9,395.15,Rainy,0,1,268,436
462,2024-10-08,Coffee,4,193.03,Cloudy,0,0,48,81
463,2024-11-05,Ice Cream,6,54.26,Sunny,1,1,225,158
464,2023-10-11,Salad,17,449.55,Sunny,1,1,124,108
465,2024-08-10,Coffee,16,161.31,Cloudy,1,1,87,215
466,2023-11-24,Wrap,14,123.71,Hot,1,0,167,216
467,2024-03-08,Wrap,2,258.04,Hot,1,0,263,112
468,2024-11-10,Pasta,5,320.14,Rainy,1,0,214,256
469,2023-08-09,Juice,7,454.89,Hot,1,1,111,130
470,2024-08-01,Pasta,7,193.19,Cloudy,1,1,49,385
471,2023-03-11,Pasta,10,227.68,Hot,1,0,209,75
472,2024-02-29,Pasta,3,439.98,Hot,1,1,87,360
473,2023-04-03,Fried Rice,4,64.64,Cloudy,1,1,275,339
474,2023-11-04,Biryani,11,104.36,Rainy,0,1,24,302
475,2023-02-26,Burger,1,279.58,Hot,1,0,195,174
476,2024-04-11,Sandwich,2,123.03,Rainy,1,1,247,249
477,2023-09-06,Burger,3,182.35,Sunny,0,0,41,90
478,2023-06-02,Pizza,9,374.27,Cloudy,1,0,160,334
479,2023-05-10,Pizza,15,98.73,Cloudy,1,1,283,435
480,2023-03-30,Biryani,11,407.35,Hot,0,0,264,71
481,2023-11-23,Wrap,16,94.38,Cloudy,0,1,236,216
482,2024-04-11,Tea,9,154.96,Hot,1,1,36,261
483,2023-06-22,Wrap,17,329.82,Sunny,0,0,240,312
484,2023-03-19,Wrap,7,241.59,Sunny,0,0,38,93
485,2024-11-08,Pizza,9,234.91,Hot,1,1,276,267
486,2023-09-15,Noodles,18,446.99,Hot,1,0,101,402
487,2024-05-30,Juice,11,127.13,Cloudy,1,1,199,404
488,2024-01-09,Coffee,9,294.07,Sunny,0,1,243,313
489,2024-11-05,Tea,9,382.82,Sunny,0,1,210,376
490,2024-05-08,Wrap,8,215.45,Rainy,1,1,132,491
491,2024-04-27,Fried Rice,14,430.19,Rainy,1,1,37,141
492,2024-01-26,Coffee,6,470.97,Cloudy,1,0,152,182
493,2024-11-16,Burger,8,69.67,Hot,1,0,96,407
494,2024-12-24,Biryani,7,165.58,Sunny,1,1,227,96
495,2023-05-01,Tea,2,145.76,Hot,0,0,253,128
496,2024-06-28,Cake,10,84.31,Sunny,0,0,175,63
497,2024-11-29,Burger,3,392.96,Hot,0,0,85,236
498,2024-11-08,Juice,8,85.69,Sunny,1,0,151,370
499,2023-04-29,Salad,14,462.24,Cloudy,0,1,67,186
500,2023-08-28,Biryani,15,96.34,Hot,0,0,88,191
501,2024-10-05,Tea,3,312.4,Cloudy,0,1,260,80
502,2024-07-13,Tea,15,365.57,Cloudy,1,1,34,89
503,2024-07-25,Wrap,9,288.69,Sunny,1,0,126,466
504,2024-12-05,Noodles,4,320.42,Hot,1,1,118,132
505,2024-01-07,Burger,15,148.92,Rainy,1,0,112,251
506,2024-12-02,Coffee,14,55.27,Cloudy,1,0,296,97
507,2024-06-20,Cake,17,474.73,Sunny,1,1,169,61
508,2023-08-13,Coffee,3,238.18,Cloudy,0,1,199,95
509,2024-11-07,Tea,3,382.09,Hot,0,1,145,268
510,2024-01-11,Tacos,12,377.69,Rainy,0,0,133,283
511,2023-06-06,Biryani,13,269.86,Sunny,1,1,149,364
512,2024-03-17,Wrap,12,448.55,Rainy,1,0,290,497
513,2024-04-11,Coffee,3,326.84,Sunny,1,0,199,483
514,2024-04-26,Juice,6,308.87,Sunny,1,1,188,360
515,2023-09-25,Juice,14,463.63,Cloudy,1,0,99,69
516,2023-09-28,Tacos,18,474.89,Cloudy,1,1,292,258
517,2023-05-17,Burger,17,308.67,Sunny,1,1,299,126
518,2024-03-27,Salad,9,323.47,Rainy,1,1,219,216
519,2024-04-08,Tacos,14,209.43,Rainy,0,1,70,323
520,2024-12-23,Ice Cream,4,450.04,Sunny,1,0,139,209
521,2024-09-08,Biryani,11,65.21,Cloudy,0,1,124,287
522,2023-01-28,Fried Rice,5,144.36,Hot,1,0,222,456
523,2023-06-22,Pizza,10,258.4,Sunny,1,1,55,422
524,2023-08-28,Cake,15,496.25,Hot,0,1,263,449
525,2023-11-22,Pizza,18,271.0,Sunny,1,0,257,484
526,2024-09-25,Pizza,8,374.82,Sunny,1,1,33,237
527,2023-11-06,Pasta,11,349.04,Rainy,0,0,97,242
528,2024-04-03,Juice,19,436.58,Rainy,0,0,56,404
529,2024-04-12,Wrap,8,470.58,Rainy,1,1,160,387
530,2024-06-04,Cake,5,90.6,Sunny,0,1,180,487
531,2024-02-04,Coffee,9,347.25,Cloudy,1,1,40,284
532,2024-05-10,Tea,14,273.02,Cloudy,0,0,211,369
533,2024-03-13,Cake,18,486.36,Hot,0,1,178,296
534,2023-08-24,Burger,8,393.67,Rainy,0,0,60,408
535,2023-06-07,Cake,8,333.45,Sunny,1,1,56,131
536,2023-04-13,Noodles,19,375.68,Cloudy,1,1,24,411
537,2023-10-21,Cake,10,346.56,Hot,0,0,203,449
538,2023-06-09,Pizza,4,202.34,Cloudy,0,0,27,209
539,2024-04-02,Ice Cream,1,120.49,Cloudy,0,0,155,64
540,2024-06-14,Noodles,14,301.07,Hot,0,1,129,332
541,2023-08-29,Noodles,5,162.34,Rainy,1,0,31,496
542,2024-03-07,Cake,16,353.87,Cloudy,0,0,207,448
543,2024-01-19,Tea,19,367.07,Rainy,0,1,271,377
544,2023-11-27,Biryani,5,249.35,Rainy,1,1,87,215
545,2023-01-06,Tacos,13,218.88,Sunny,1,0,287,367
546,2023-09-07,Cake,7,454.14,Rainy,0,0,213,356
547,2023-09-03,Pasta,12,208.66,Cloudy,0,1,164,416
548,2024-12-06,Cake,18,182.55,Cloudy,1,0,283,474
549,2024-11-29,Coffee,17,368.07,Sunny,0,0,243,154
550,2024-11-12,Fried Rice,12,53.73,Cloudy,1,0,167,208
551,2024-12-23,Burger,10,470.6,Rainy,1,0,155,256
552,2023-11-26,Tea,2,210.03,Sunny,1,0,125,466
553,2023-02-15,Noodles,3,371.36,Rainy,1,0,184,479
554,2023-04-18,Tea,4,100.57,Sunny,1,0,120,143
555,2023-10-22,Biryani,12,268.91,Cloudy,1,1,20,196
556,2023-05-26,Coffee,6,224.11,Cloudy,0,0,131,255
557,2023-01-06,Burger,3,359.66,Cloudy,1,1,264,87
558,2024-05-05,Biryani,1,130.76,Hot,0,1,255,196
559,2023-08-27,Ice Cream,7,330.32,Rainy,1,0,119,71
560,2024-07-12,Juice,7,60.21,Rainy,0,1,89,63
561,2024-08-07,Noodles,13,308.94,Sunny,1,1,152,282
562,2024-01-17,Pasta,10,152.85,Rainy,0,0,28,101
563,2023-10-02,Juice,1,481.36,Sunny,1,0,135,312
564,2024-06-10,Sandwich,10,325.22,Sunny,0,1,262,65
565,2024-04-03,Ice Cream,11,108.3,Cloudy,0,1,154,238
566,2023-07-22,Tea,19,292.28,Rainy,1,0,118,315
567,2024-08-14,Pizza,2,110.37,Sunny,0,0,257,479
568,2023-11-03,Pizza,15,368.33,Sunny,1,0,178,425
569,2024-06-15,Cake,18,168.86,Hot,0,1,267,140
570,2024-11-22,Sandwich,9,363.18,Sunny,0,0,294,136
571,2024-04-20,Pizza,12,439.83,Hot,1,0,72,204
572,2023-12-01,Salad,7,187.91,Rainy,0,0,153,420
573,2023-05-29,Noodles,3,475.88,Hot,0,1,66,72
574,2024-09-23,Noodles,1,128.93,Cloudy,0,1,142,51
575,2024-01-25,Biryani,13,401.18,Cloudy,1,0,51,259
576,2024-12-18,Noodles,3,345.13,Hot,0,1,102,179
577,2024-09-04,Tea,3,436.21,Hot,1,0,293,163
578,2023-11-09,Cake,8,491.96,Sunny,1,1,180,228
579,2023-10-20,Fried Rice,19,236.75,Sunny,1,1,72,205
580,2024-06-05,Noodles,13,386.82,Rainy,0,0,232,127
581,2024-10-08,Sandwich,14,151.63,Cloudy,1,0,215,267
582,2024-05-16,Sandwich,17,294.22,Cloudy,0,0,173,192
583,2023-06-17,Salad,12,410.24,Sunny,1,0,213,294
584,2023-03-04,Fried Rice,13,136.19,Hot,0,1,220,275
585,2024-11-01,Cake,8,366.61,Cloudy,1,0,40,298
586,2024-07-12,Pasta,2,100.26,Sunny,1,1,68,88
587,2023-06-13,Fried Rice,3,487.06,Hot,1,0,25,407
588,2023-10-01,Wrap,10,466.08,Hot,0,1,288,248
589,2024-07-23,Wrap,14,159.5,Cloudy,0,1,162,448
590,2023-07-18,Tea,12,219.84,Hot,0,1,88,119
591,2023-01-01,Wrap,18,109.01,Rainy,0,0,23,487
592,2024-09-21,Sandwich,1,61.04,Rainy,1,1,265,413
593,2023-03-09,Ice Cream,5,58.79,Sunny,0,1,241,328
594,2023-10-16,Fried Rice,14,95.99,Cloudy,1,0,285,384
595,2023-09-02,Tacos,17,200.26,Hot,1,0,112,156
596,2023-12-12,Cake,14,74.79,Hot,0,1,187,373
597,2024-07-26,Pasta,1,114.04,Cloudy,0,0,74,71
598,2023-01-08,Tacos,11,80.9,Sunny,1,1,41,386
599,2023-01-31,Salad,8,336.53,Hot,1,0,28,174
600,2023-12-20,Sandwich,18,343.82,Rainy,1,0,129,92
601,2023-12-31,Noodles,6,190.06,Hot,1,0,104,468
602,2023-04-30,Wrap,2,178.11,Rainy,1,0,171,486
603,2024-09-16,Pasta,16,374.01,Hot,1,0,223,263
604,2023-11-24,Sandwich,12,495.38,Rainy,1,1,162,185
605,2024-10-16,Wrap,7,110.11,Cloudy,0,0,288,472
606,2023-07-24,Cake,1,114.12,Rainy,0,1,27,175
607,2023-10-31,Cake,19,66.42,Sunny,1,1,290,153
608,2024-09-19,Cake,6,388.35,Cloudy,1,0,70,298
609,2023-06-19,Juice,18,339.17,Sunny,0,0,233,154
610,2023-02-21,Pasta,12,349.76,Cloudy,0,1,246,428
611,2024-07-16,Ice Cream,16,163.65,Hot,0,0,214,274
612,2024-10-29,Noodles,2,183.05,Cloudy,0,1,274,422
613,2023-01-18,Coffee,4,135.75,Sunny,0,1,223,153
614,2023-03-23,Fried Rice,11,178.34,Cloudy,0,1,160,337
615,2024-03-16,Juice,17,337.56,Sunny,1,1,288,397
616,2024-03-30,Fried Rice,15,399.29,Cloudy,0,1,286,456
617,2024-07-14,Cake,13,214.46,Rainy,1,0,158,326
618,2024-09-06,Noodles,9,286.33,Sunny,0,0,263,254
619,2023-02-25,Cake,6,336.0,Sunny,0,0,154,217
620,2024-08-30,Biryani,5,447.83,Cloudy,0,1,106,218
621,2023-03-30,Fried Rice,1,201.33,Sunny,0,0,273,113
622,2024-09-12,Cake,7,58.97,Hot,1,0,77,453
623,2024-09-13,Fried Rice,12,497.19,Hot,1,0,281,311
624,2023-01-17,Salad,7,442.21,Hot,0,1,147,199
625,2024-04-03,Cake,18,299.22,Rainy,1,1,260,285
626,2024-07-01,Ice Cream,9,229.1,Cloudy,1,1,143,406
627,2023-11-01,Fried Rice,5,306.56,Sunny,0,0,299,109
628,2024-06-04,Tacos,15,128.48,Hot,0,1,180,105
629,2023-02-23,Salad,10,284.29,Cloudy,1,0,273,91
630,2023-01-13,Wrap,3,279.51,Rainy,1,0,136,283
631,2023-04-17,Salad,10,142.98,Hot,0,1,67,241
632,2023-09-24,Ice Cream,14,163.16,Sunny,0,1,219,68
633,2023-04-25,Tea,8,169.18,Cloudy,1,1,260,217
634,2024-05-23,Tea,7,56.46,Hot,1,1,88,178
635,2024-01-24,Cake,16,54.6,Sunny,1,1,277,99
636,2023-05-02,Fried Rice,18,220.93,Sunny,0,1,143,250
637,2024-05-31,Pizza,11,263.93,Rainy,1,0,92,182
638,2024-05-03,Sandwich,2,423.96,Hot,0,0,255,271
639,2023-08-05,Noodles,12,341.11,Hot,1,1,188,438
640,2024-09-18,Salad,12,449.29,Hot,1,0,259,268
641,2023-12-02,Cake,15,205.08,Sunny,0,0,76,364
642,2024-01-27,Salad,6,324.53,Sunny,0,0,109,86
643,2023-02-18,Cake,2,395.43,Hot,0,1,288,51
644,2024-03-25,Wrap,19,335.29,Sunny,1,1,253,302
645,2024-09-17,Sandwich,1,283.16,Rainy,0,1,93,412
646,2024-10-21,Ice Cream,7,173.01,Cloudy,1,0,214,239
647,2024-11-09,Pasta,19,315.7,Rainy,1,1,47,236
648,2024-10-15,Sandwich,2,436.26,Hot,1,0,246,194
649,2023-09-13,Tacos,9,107.86,Rainy,0,0,194,112
650,2024-11-03,Tacos,13,257.89,Sunny,0,0,280,457
651,2023-07-01,Juice,13,450.3,Hot,1,1,181,276
652,2024-11-06,Wrap,11,192.37,Sunny,1,1,79,441
653,2024-12-26,Pasta,11,137.36,Cloudy,1,1,121,384
654,2023-11-22,Tea,16,249.22,Rainy,0,0,69,59
655,2024-05-20,Wrap,10,478.24,Rainy,0,1,283,250
656,2024-10-06,Salad,8,431.43,Cloudy,0,0,55,456
657,2023-11-07,Noodles,6,490.81,Rainy,1,1,297,74
658,2023-08-20,Sandwich,7,71.76,Sunny,0,1,72,373
659,2024-11-20,Pasta,10,55.99,Sunny,0,1,272,187
660,2023-02-01,Pizza,19,85.44,Rainy,0,1,249,281
661,2024-07-27,Sandwich,6,483.68,Sunny,1,1,286,229
662,2024-03-23,Sandwich,4,82.75,Cloudy,0,0,44,354
663,2024-06-22,Wrap,12,499.43,Cloudy,0,0,247,243
664,2023-08-22,Pasta,3,224.87,Sunny,0,0,221,289
665,2024-02-13,Pasta,15,482.72,Cloudy,1,0,295,184
666,2024-09-26,Tea,4,457.26,Hot,1,0,112,387
667,2024-07-11,Wrap,5,206.04,Sunny,1,0,234,264
668,2024-12-20,Tacos,19,405.17,Rainy,0,0,66,282
669,2024-09-04,Biryani,4,398.97,Hot,0,1,128,255
670,2024-06-26,Salad,12,200.82,Sunny,1,1,224,304
671,2024-09-04,Sandwich,9,90.47,Rainy,0,0,189,86
672,2023-03-30,Salad,11,310.58,Rainy,0,0,92,103
673,2024-08-18,Coffee,12,79.03,Cloudy,0,1,215,331
674,2023-10-19,Noodles,17,376.05,Rainy,0,0,34,352
675,2023-12-21,Cake,15,267.81,Rainy,1,0,214,59
676,2023-08-06,Burger,1,111.48,Sunny,1,1,227,370
677,2023-02-12,Salad,8,224.23,Sunny,0,1,58,99
678,2023-03-08,Noodles,1,335.55,Hot,0,0,37,268
679,2024-09-23,Noodles,12,247.76,Cloudy,1,1,238,458
680,2023-03-01,Ice Cream,9,61.69,Cloudy,1,0,226,273
681,2024-08-26,Fried Rice,18,474.0,Sunny,0,1,90,130
682,2024-02-28,Salad,17,88.68,Cloudy,1,0,100,271
683,2024-02-28,Burger,4,133.65,Sunny,0,0,186,268
684,2023-03-04,Sandwich,12,183.69,Hot,0,0,201,143
685,2024-12-06,Biryani,15,249.22,Cloudy,1,0,287,68
686,2024-04-21,Wrap,12,408.6,Rainy,0,1,156,144
687,2024-01-26,Noodles,2,176.87,Hot,1,1,118,312
688,2023-07-04,Tacos,16,369.11,Hot,0,0,51,374
689,2024-10-07,Pasta,4,328.87,Sunny,1,0,119,369
690,2023-08-16,Sandwich,17,313.26,Sunny,1,0,288,190
691,2023-08-05,Fried Rice,8,374.22,Cloudy,1,1,135,218
692,2024-01-05,Wrap,16,271.29,Cloudy,1,0,67,375
693,2024-07-25,Pasta,15,248.64,Rainy,0,0,273,232
694,2023-06-28,Tea,1,185.7,Sunny,0,0,299,94
695,2023-07-26,Salad,12,375.62,Hot,0,0,219,328
696,2023-07-14,Salad,19,472.7,Rainy,0,1,143,194
697,2024-09-03,Tacos,17,159.51,Sunny,0,0,188,225
698,2023-09-07,Cake,19,101.17,Hot,0,1,183,276
699,2023-11-15,Burger,18,66.76,Hot,1,1,105,388
700,2024-05-22,Fried Rice,10,163.39,Hot,1,0,120,345
701,2024-07-27,Tacos,4,90.56,Hot,1,0,174,124
702,2023-09-26,Noodles,7,74.83,Hot,0,0,274,384
703,2024-07-13,Salad,3,497.24,Sunny,1,1,34,136
704,2023-08-22,Sandwich,10,106.75,Hot,0,0,232,120
705,2023-10-30,Burger,12,53.13,Cloudy,0,0,38,493
706,2023-06-21,Coffee,3,321.63,Hot,0,1,287,123
707,2024-12-09,Tea,2,449.41,Cloudy,0,0,114,143
708,2024-04-09,Biryani,15,441.2,Hot,0,0,206,382
709,2024-06-12,Pizza,5,376.22,Hot,0,1,42,151
710,2024-11-13,Pasta,14,366.19,Sunny,0,0,238,386
711,2024-05-13,Pizza,19,229.64,Hot,0,0,144,156
712,2023-12-06,Juice,5,70.01,Sunny,1,1,278,463
713,2023-03-24,Burger,17,186.78,Rainy,1,0,209,451
714,2024-01-11,Sandwich,13,266.27,Cloudy,0,1,149,259
715,2024-08-19,Noodles,14,90.61,Rainy,1,0,245,100
716,2023-01-15,Pizza,1,328.91,Rainy,1,1,90,305
717,2024-08-06,Biryani,9,183.87,Cloudy,1,1,176,221
718,2023-06-17,Ice Cream,5,359.35,Hot,0,1,150,379
719,2024-10-07,Pasta,9,459.12,Rainy,0,0,204,174
720,2023-06-08,Tea,15,199.73,Cloudy,1,1,64,439
721,2024-04-04,Tea,7,60.22,Rainy,1,1,118,412
722,2024-11-11,Pizza,12,347.24,Cloudy,1,1,141,159
723,2024-07-29,Cake,6,420.38,Cloudy,1,1,190,470
724,2023-11-01,Biryani,5,200.57,Cloudy,0,1,87,464
725,2024-03-03,Wrap,14,82.54,Sunny,0,1,151,264
726,2023-11-27,Fried Rice,14,166.46,Sunny,0,0,134,249
727,2024-08-15,Tacos,2,383.55,Rainy,1,1,190,151
728,2023-02-01,Cake,9,297.49,Hot,0,0,254,105
729,2023-05-16,Wrap,6,125.83,Rainy,1,0,81,59
730,2023-02-04,Pizza,4,397.51,Rainy,1,1,172,284
731,2024-03-28,Coffee,3,198.86,Cloudy,0,0,158,441
732,2023-12-25,Noodles,8,178.82,Hot,1,1,225,365
733,2023-03-29,Salad,3,344.82,Cloudy,0,1,203,480
734,2023-07-20,Biryani,18,383.03,Cloudy,1,0,177,318
735,2024-10-18,Pasta,7,485.96,Cloudy,0,0,180,210
736,2023-05-15,Salad,17,408.37,Cloudy,0,0,298,361
737,2023-01-01,Fried Rice,19,368.26,Hot,0,0,229,330
738,2024-03-09,Sandwich,1,279.35,Rainy,0,0,172,205
739,2023-10-01,Salad,4,276.8,Cloudy,1,1,25,471
740,2024-04-04,Salad,4,376.77,Cloudy,1,0,238,316
741,2023-12-05,Sandwich,7,207.69,Rainy,1,1,41,168
742,2024-04-04,Wrap,18,138.97,Sunny,0,1,257,292
743,2023-09-24,Biryani,4,396.1,Rainy,1,0,188,301
744,2023-10-19,Tea,14,268.82,Sunny,1,0,174,399
745,2023-03-26,Coffee,11,126.35,Cloudy,0,0,160,282
746,2024-10-25,Wrap,12,333.48,Sunny,1,0,156,116
747,2024-04-17,Salad,15,220.38,Rainy,1,1,135,240
748,2023-05-23,Salad,17,169.14,Cloudy,0,0,149,125
749,2023-04-19,Cake,14,146.97,Sunny,1,0,266,454
750,2023-08-09,Wrap,16,247.45,Hot,1,0,258,406
751,2024-09-12,Noodles,19,297.0,Rainy,1,0,66,180
752,2024-06-23,Biryani,18,103.06,Cloudy,0,1,26,60
753,2024-02-27,Pasta,18,499.2,Hot,1,0,288,448
754,2023-11-13,Salad,14,64.83,Hot,1,0,69,427
755,2024-02-02,Fried Rice,19,101.23,Sunny,1,1,161,106
756,2024-08-02,Ice Cream,14,376.51,Sunny,1,0,234,441
757,2024-11-06,Ice Cream,7,292.63,Hot,0,1,187,94
758,2023-02-03,Salad,3,284.73,Hot,0,0,220,175
759,2024-10-29,Wrap,9,138.24,Sunny,0,1,142,493
760,2023-05-14,Pizza,16,405.13,Rainy,0,1,283,267
761,2024-05-06,Biryani,6,206.2,Sunny,0,1,28,219
762,2023-05-13,Wrap,11,366.54,Hot,0,0,166,467
763,2023-04-27,Pasta,6,214.84,Sunny,1,1,152,430
764,2023-05-27,Pizza,8,402.05,Cloudy,0,0,286,55
765,2024-07-20,Tacos,5,473.74,Cloudy,1,1,146,305
766,2023-08-26,Juice,4,85.46,Sunny,1,0,72,265
767,2024-08-03,Burger,8,50.32,Cloudy,0,0,36,70
768,2024-08-30,Salad,5,494.62,Hot,1,1,153,409
769,2023-03-04,Pasta,14,235.21,Sunny,1,1,199,110
770,2024-11-12,Burger,19,223.0,Rainy,1,0,68,66
771,2024-03-24,Salad,17,422.35,Cloudy,0,1,162,285
772,2023-08-14,Fried Rice,18,74.26,Sunny,0,0,209,262
773,2023-09-18,Ice Cream,11,209.56,Hot,0,1,43,110
774,2023-08-24,Sandwich,7,363.45,Rainy,0,1,193,190
775,2023-08-25,Wrap,7,217.16,Sunny,1,1,224,328
776,2024-12-09,Tacos,18,344.25,Cloudy,0,1,272,301
777,2023-08-22,Burger,6,250.43,Hot,1,1,284,399
778,2023-12-12,Wrap,14,212.46,Sunny,0,0,43,359
779,2024-02-04,Sandwich,13,112.78,Hot,1,1,39,443
780,2023-06-23,Pasta,17,160.41,Sunny,0,0,239,346
781,2023-06-05,Noodles,15,366.12,Rainy,0,0,48,348
782,2023-11-04,Tacos,18,106.1,Cloudy,0,0,236,188
783,2024-11-08,Cake,7,159.32,Hot,1,0,75,397
784,2023-08-09,Burger,13,387.46,Cloudy,0,1,74,429
785,2024-08-26,Wrap,17,328.48,Sunny,0,1,253,185
786,2023-11-16,Wrap,13,131.27,Rainy,1,1,31,93
787,2024-08-21,Pizza,8,281.13,Hot,0,0,243,228
788,2023-07-27,Burger,19,488.76,Sunny,1,0,181,153
789,2024-04-21,Juice,3,333.62,Cloudy,0,1,289,176
790,2023-04-18,Pasta,1,498.48,Cloudy,1,1,53,261
791,2023-11-07,Tacos,12,310.41,Hot,0,1,281,398
792,2024-03-06,Ice Cream,2,214.93,Hot,1,0,179,478
793,2023-06-30,Cake,8,98.23,Sunny,1,0,212,117
794,2024-04-03,Sandwich,11,438.39,Sunny,0,1,191,167
795,2023-03-23,Pizza,18,283.35,Cloudy,1,0,240,476
796,2024-10-08,Juice,13,215.88,Sunny,1,0,100,69
797,2024-06-22,Tacos,19,275.09,Rainy,0,0,298,152
798,2023-12-25,Pizza,4,96.05,Sunny,1,1,141,136
799,2023-09-12,Tea,9,209.4,Cloudy,1,0,203,84
800,2023-11-13,Pasta,19,76.51,Cloudy,1,1,43,234
801,2023-09-21,Wrap,4,347.4,Sunny,1,1,225,459
802,2024-02-12,Cake,5,328.37,Rainy,0,1,217,128
803,2024-08-03,Cake,10,92.92,Hot,1,0,133,60
804,2023-02-17,Salad,17,351.0,Rainy,1,0,261,309
805,2023-04-07,Juice,3,454.62,Cloudy,1,0,248,439
806,2024-10-12,Pizza,6,484.49,Rainy,1,0,77,372
807,2024-02-29,Pasta,12,152.77,Cloudy,0,1,181,488
808,2024-09-30,Burger,13,85.63,Cloudy,1,1,102,93
809,2024-11-19,Noodles,15,480.87,Cloudy,1,0,254,309
810,2023-05-22,Ice Cream,8,207.84,Hot,0,1,243,448
811,2024-05-02,Juice,7,233.36,Rainy,0,1,202,350
812,2023-07-05,Tacos,16,230.06,Cloudy,1,0,235,87
813,2023-05-27,Ice Cream,8,304.92,Hot,0,1,86,127
814,2023-08-20,Tea,1,467.94,Cloudy,1,0,59,153
815,2024-06-19,Noodles,12,236.67,Rainy,1,0,218,489
816,2024-08-14,Biryani,14,380.35,Cloudy,1,0,76,118
817,2023-01-09,Noodles,7,278.55,Sunny,0,0,27,315
818,2024-05-05,Cake,3,324.51,Sunny,0,0,114,433
819,2023-03-13,Pizza,8,462.25,Sunny,0,0,107,474
820,2023-02-04,Tea,19,103.1,Hot,1,0,114,472
821,2024-07-14,Tacos,7,373.78,Rainy,1,0,299,288
822,2024-08-14,Ice Cream,10,68.71,Hot,0,1,95,140
823,2023-03-05,Pizza,4,438.81,Cloudy,1,1,279,357
824,2024-04-05,Noodles,12,435.36,Rainy,0,1,73,436
825,2024-10-11,Sandwich,7,180.25,Rainy,0,1,190,108
826,2024-04-20,Tacos,1,414.8,Hot,1,0,144,90
827,2024-12-21,Pasta,1,371.47,Cloudy,1,1,215,458
828,2023-11-15,Pizza,15,361.36,Hot,0,0,111,254
829,2024-08-06,Fried Rice,7,499.58,Rainy,0,0,282,198
830,2023-04-07,Biryani,15,481.7,Rainy,1,1,248,265
831,2023-08-28,Burger,5,382.16,Rainy,1,0,25,116
832,2023-09-04,Cake,12,127.88,Cloudy,1,0,20,208
833,2023-12-08,Salad,12,482.02,Sunny,0,0,40,125
834,2024-04-23,Juice,3,80.88,Sunny,0,1,75,468
835,2023-05-13,Burger,7,169.18,Cloudy,0,0,44,457
836,2023-12-08,Burger,14,225.2,Sunny,1,1,37,125
837,2023-06-06,Coffee,1,459.73,Cloudy,1,1,286,80
838,2024-01-26,Pasta,4,287.42,Rainy,0,1,237,385
839,2024-10-14,Sandwich,10,113.91,Cloudy,1,1,74,144
840,2024-06-15,Tacos,14,272.73,Sunny,0,0,176,222
841,2023-06-16,Juice,18,430.11,Sunny,0,1,129,303
842,2024-10-10,Noodles,8,228.65,Rainy,1,0,180,378
843,2024-11-01,Wrap,13,482.61,Sunny,1,1,154,182
844,2024-09-05,Juice,17,203.67,Hot,0,0,253,193
845,2023-05-15,Fried Rice,4,96.7,Hot,0,0,147,163
846,2024-05-10,Wrap,17,420.27,Rainy,1,0,212,214
847,2023-01-31,Wrap,18,139.21,Cloudy,0,0,30,215
848,2024-06-28,Pizza,18,352.88,Hot,1,0,161,301
849,2023-01-13,Juice,10,186.45,Cloudy,0,0,37,153
850,2024-08-17,Tacos,7,357.68,Rainy,0,1,98,283
851,2024-06-10,Ice Cream,12,177.93,Cloudy,0,0,39,88
852,2024-07-26,Pasta,12,287.96,Rainy,0,1,193,189
853,2023-01-31,Pizza,11,72.72,Sunny,0,0,76,206
854,2024-09-01,Sandwich,6,146.29,Hot,1,1,146,301
855,2023-04-21,Tacos,5,347.64,Cloudy,1,1,187,216
856,2023-06-28,Salad,1,184.05,Sunny,0,0,72,331
857,2023-07-18,Juice,17,78.21,Cloudy,0,1,133,113
858,2023-06-17,Noodles,1,73.89,Hot,1,0,70,267
859,2023-10-22,Pizza,7,142.7,Cloudy,1,0,265,426
860,2023-05-06,Ice Cream,1,468.53,Rainy,0,1,123,394
861,2024-12-04,Burger,2,491.15,Cloudy,0,1,162,96
862,2024-02-28,Tacos,16,380.8,Hot,0,1,230,341
863,2024-03-01,Tacos,12,201.36,Rainy,1,1,106,487
864,2024-04-23,Fried Rice,3,451.51,Hot,0,0,128,496
865,2024-06-19,Tea,7,148.51,Hot,0,0,153,254
866,2024-06-28,Noodles,15,139.71,Cloudy,0,1,262,271
867,2024-11-24,Fried Rice,15,266.49,Hot,1,1,180,296
868,2023-07-29,Juice,4,444.2,Rainy,0,0,67,91
869,2024-11-25,Pasta,16,477.8,Sunny,0,0,90,117
870,2023-08-12,Fried Rice,6,472.75,Rainy,1,1,39,136
871,2024-05-03,Tea,4,436.84,Hot,1,0,276,320
872,2024-01-10,Cake,11,322.34,Cloudy,0,0,238,494
873,2024-08-11,Fried Rice,19,478.8,Cloudy,0,1,48,169
874,2023-10-18,Salad,3,285.92,Sunny,0,0,183,285
875,2023-03-12,Salad,12,304.91,Cloudy,0,1,281,295
876,2023-04-28,Sandwich,17,274.41,Sunny,0,0,219,75
877,2023-02-21,Sandwich,10,82.46,Hot,0,0,219,179
878,2023-01-03,Sandwich,7,158.16,Rainy,0,0,214,117
879,2024-01-24,Wrap,8,110.8,Sunny,1,0,209,461
880,2024-06-06,Coffee,17,404.1,Sunny,0,1,268,332
881,2024-06-14,Wrap,12,153.02,Cloudy,1,1,34,106
882,2024-03-07,Fried Rice,13,371.78,Sunny,0,0,139,405
883,2024-07-24,Pizza,10,256.67,Sunny,1,0,284,307
884,2023-06-04,Tacos,4,202.42,Hot,1,1,88,293
885,2024-06-17,Cake,11,88.75,Hot,0,0,72,169
886,2024-11-26,Fried Rice,17,259.58,Hot,0,1,282,149
887,2023-12-13,Pasta,6,171.25,Rainy,1,1,91,428
888,2024-03-17,Burger,6,145.75,Cloudy,1,1,259,495
889,2023-07-22,Sandwich,10,492.51,Sunny,1,1,109,109
890,2023-03-13,Burger,18,364.31,Hot,0,0,227,59
891,2024-08-30,Pasta,17,498.48,Rainy,1,1,27,115
892,2024-05-20,Pasta,12,469.13,Cloudy,1,1,239,444
893,2024-07-12,Tea,15,493.23,Cloudy,0,0,36,325
894,2024-05-02,Cake,14,239.01,Hot,1,0,25,261
895,2024-04-25,Noodles,10,421.72,Rainy,0,0,169,405
896,2023-04-19,Coffee,7,209.66,Rainy,1,1,29,76
897,2024-03-11,Cake,14,107.8,Hot,0,0,133,164
898,2024-08-20,Tea,17,273.01,Sunny,0,0,84,80
899,2024-10-23,Ice Cream,7,313.09,Hot,1,0,137,323
900,2023-01-20,Noodles,1,304.39,Rainy,0,0,149,333
901,2023-04-01,Pizza,1,243.23,Cloudy,1,0,208,112
902,2024-01-26,Tacos,12,231.23,Cloudy,1,0,181,288
903,2024-01-03,Cake,2,287.53,Hot,0,0,133,236
904,2023-04-13,Biryani,19,262.46,Sunny,1,0,235,303
905,2023-01-03,Cake,4,350.41,Sunny,1,0,253,224
906,2023-06-04,Cake,6,231.33,Sunny,0,0,147,249
907,2024-11-15,Tea,1,149.24,Hot,0,0,28,141
908,2024-09-02,Tea,18,68.18,Cloudy,1,0,172,399
909,2024-05-01,Noodles,17,301.05,Rainy,1,1,272,262
910,2024-07-09,Biryani,12,352.83,Hot,1,0,212,135
911,2024-01-17,Pizza,15,299.39,Hot,0,0,290,166
912,2023-03-06,Pizza,7,116.55,Rainy,0,1,260,273
913,2023-06-09,Cake,17,254.78,Sunny,0,0,28,491
914,2023-06-27,Pizza,17,389.03,Rainy,0,1,177,98
915,2024-12-17,Pasta,13,251.07,Rainy,0,0,134,221
916,2023-11-03,Cake,17,186.91,Hot,0,1,131,448
917,2024-02-07,Pizza,2,397.33,Cloudy,0,0,295,287
918,2023-07-08,Cake,18,88.95,Hot,1,1,245,315
919,2023-08-24,Pasta,18,229.8,Rainy,0,1,231,335
920,2023-10-12,Wrap,18,220.76,Cloudy,0,1,27,351
921,2023-01-11,Tea,14,63.35,Cloudy,1,0,212,157
922,2024-02-12,Pizza,4,145.42,Cloudy,0,0,96,381
923,2023-03-05,Tacos,4,268.82,Sunny,1,0,38,338
924,2024-10-30,Burger,8,317.44,Hot,1,0,130,374
925,2024-10-15,Noodles,3,50.68,Sunny,1,1,247,437
926,2023-01-29,Noodles,17,263.76,Hot,1,0,26,134
927,2023-04-17,Sandwich,16,227.36,Rainy,1,0,281,462
928,2023-04-18,Cake,11,240.61,Rainy,1,0,22,433
929,2024-02-10,Noodles,1,320.21,Rainy,0,0,64,70
930,2023-10-26,Salad,4,179.52,Cloudy,1,0,76,269
931,2024-11-05,Sandwich,1,352.98,Sunny,0,0,146,475
932,2023-02-18,Fried Rice,8,95.73,Cloudy,0,0,183,374
933,2023-02-09,Juice,2,62.95,Sunny,0,1,28,150
934,2024-12-24,Noodles,8,311.85,Cloudy,1,0,270,390
935,2024-02-14,Biryani,3,204.57,Sunny,1,0,187,84
936,2023-06-03,Cake,16,66.28,Rainy,1,0,243,54
937,2024-05-16,Sandwich,17,210.86,Sunny,0,0,287,492
938,2024-02-12,Sandwich,8,225.38,Cloudy,0,1,123,265
939,2024-05-20,Fried Rice,1,161.81,Hot,0,1,164,335
940,2023-03-08,Burger,3,68.51,Sunny,1,1,83,225
941,2024-02-19,Wrap,2,344.25,Rainy,1,0,213,56
942,2024-07-29,Ice Cream,14,192.93,Hot,0,1,181,335
943,2023-03-14,Biryani,4,328.16,Hot,1,1,257,233
944,2023-05-20,Biryani,18,211.18,Cloudy,1,1,177,352
945,2024-01-19,Sandwich,19,87.92,Hot,0,1,109,373
946,2024-05-21,Noodles,18,84.17,Rainy,1,1,151,351
947,2023-05-28,Pizza,11,347.77,Cloudy,1,0,220,430
948,2024-05-11,Ice Cream,3,178.88,Rainy,1,1,229,237
949,2023-11-20,Sandwich,12,284.14,Cloudy,0,0,220,163
950,2024-01-14,Pizza,7,469.81,Hot,1,1,59,490
951,2024-07-01,Salad,3,217.91,Rainy,1,0,202,273
952,2024-10-19,Burger,12,386.01,Hot,0,0,158,355
953,2023-08-03,Wrap,7,263.36,Sunny,1,0,33,245
954,2024-12-12,Cake,18,163.55,Sunny,0,0,128,467
955,2023-03-03,Fried Rice,8,208.3,Rainy,0,1,238,459
956,2024-06-15,Biryani,18,287.25,Sunny,0,1,289,469
957,2023-08-04,Cake,15,453.44,Sunny,0,0,241,389
958,2024-02-09,Pasta,8,93.28,Rainy,1,1,92,263
959,2023-04-15,Pizza,3,359.55,Hot,0,1,248,261
960,2024-08-23,Sandwich,1,374.9,Cloudy,1,1,208,170
961,2024-08-19,Burger,11,103.64,Hot,1,0,27,258
962,2023-06-24,Sandwich,3,192.79,Cloudy,0,1,90,357
963,2023-04-02,Wrap,14,93.21,Rainy,0,0,81,132
964,2024-11-30,Sandwich,15,50.59,Hot,0,1,291,130
965,2024-11-21,Tea,10,94.34,Rainy,1,1,45,338
966,2023-08-01,Cake,11,393.92,Hot,1,1,144,315
967,2023-10-30,Pizza,12,65.09,Hot,0,0,122,324
968,2023-10-02,Coffee,11,252.65,Hot,0,1,74,188
969,2023-10-31,Ice Cream,17,61.68,Rainy,1,1,166,445
970,2024-07-17,Fried Rice,8,78.49,Cloudy,0,0,179,414
971,2023-11-04,Coffee,11,478.75,Hot,1,0,87,148
972,2023-12-25,Sandwich,19,213.0,Rainy,0,1,277,216
973,2023-04-11,Ice Cream,4,424.19,Sunny,0,1,140,281
974,2023-07-14,Tea,15,121.83,Rainy,0,1,91,77
975,2024-07-26,Juice,4,387.47,Hot,0,0,281,149
976,2023-10-01,Juice,11,275.97,Cloudy,1,0,94,416
977,2024-07-02,Tea,2,215.38,Sunny,1,0,136,62
978,2024-02-25,Coffee,11,72.85,Sunny,1,1,185,114
979,2023-02-14,Tacos,5,189.76,Rainy,0,1,299,280
980,2024-06-05,Cake,5,171.37,Hot,1,0,78,105
981,2023-10-14,Sandwich,18,399.74,Cloudy,1,0,137,151
982,2023-08-04,Ice Cream,14,270.63,Cloudy,0,0,131,478
983,2023-06-20,Juice,6,161.4,Rainy,0,1,74,376
984,2023-11-10,Salad,17,462.61,Hot,1,0,81,372
985,2023-08-07,Fried Rice,2,431.16,Hot,1,0,102,132
986,2024-04-14,Tacos,7,292.83,Sunny,1,0,275,95
987,2024-09-08,Pizza,14,120.65,Rainy,1,1,111,417
988,2023-09-11,Wrap,19,406.27,Cloudy,1,0,92,98
989,2024-05-05,Tea,1,256.69,Hot,0,1,111,112
990,2023-03-25,Fried Rice,13,196.56,Cloudy,0,1,225,437
991,2023-05-10,Ice Cream,1,345.1,Cloudy,0,1,104,98
992,2023-07-21,Pasta,2,251.28,Hot,1,1,102,400
993,2023-08-17,Fried Rice,3,487.94,Hot,1,1,139,159
994,2024-05-26,Sandwich,2,442.61,Hot,1,1,135,285
995,2024-11-02,Ice Cream,16,129.66,Cloudy,1,1,138,215
996,2023-07-18,Ice Cream,6,228.82,Hot,0,1,199,106
997,2023-02-06,Biryani,2,417.89,Sunny,1,0,240,256
998,2024-11-01,Burger,14,360.27,Rainy,0,1,236,273
999,2023-02-28,Fried Rice,15,325.2,Cloudy,1,1,183,290
1000,2023-02-08,Juice,16,153.19,Hot,0,0,66,136
1001,2024-06-16,Biryani,11,187.59,Sunny,1,0,137,96
1002,2023-04-14,Salad,17,361.2,Hot,1,0,189,453
1003,2023-01-14,Biryani,18,326.04,Sunny,0,1,143,112
1004,2024-06-12,Sandwich,14,313.01,Rainy,1,1,189,251
1005,2023-09-14,Tea,10,370.91,Hot,0,0,102,430
1006,2024-03-04,Tacos,12,429.77,Cloudy,0,1,169,264
1007,2024-01-06,Tea,3,91.61,Rainy,1,1,155,110
1008,2024-12-26,Cake,6,118.0,Sunny,0,1,247,353
1009,2024-03-05,Noodles,18,394.55,Rainy,1,0,227,170
1010,2023-08-18,Tacos,14,466.36,Rainy,1,0,23,236
1011,2024-12-30,Cake,9,386.49,Rainy,0,1,203,407
1012,2024-07-20,Noodles,4,493.98,Hot,0,1,212,286
1013,2024-11-12,Wrap,19,272.46,Hot,0,0,263,328
1014,2023-04-19,Ice Cream,13,266.0,Sunny,1,1,157,440
1015,2023-01-10,Ice Cream,17,254.77,Hot,0,0,123,368
1016,2023-05-17,Sandwich,1,362.88,Cloudy,1,0,102,149
1017,2023-09-29,Sandwich,12,407.81,Rainy,0,0,116,398
1018,2024-12-11,Fried Rice,1,404.08,Sunny,1,0,98,122
1019,2024-07-21,Sandwich,2,126.67,Rainy,0,0,179,497
1020,2024-09-15,Pasta,14,115.41,Cloudy,0,1,290,464
1021,2023-01-27,Tacos,2,95.66,Sunny,1,1,141,470
1022,2023-08-07,Salad,6,311.29,Rainy,1,0,265,112
1023,2023-01-24,Noodles,10,266.51,Hot,1,1,122,272
1024,2024-03-03,Tacos,9,247.43,Cloudy,1,0,34,413
1025,2023-10-24,Ice Cream,17,307.47,Rainy,0,1,282,323
1026,2024-11-23,Salad,4,244.52,Rainy,1,0,184,236
1027,2024-09-11,Coffee,14,377.93,Rainy,0,1,287,119
1028,2023-12-28,Noodles,3,443.33,Cloudy,1,0,104,402
1029,2024-05-16,Pasta,8,239.05,Cloudy,1,0,218,274
1030,2024-06-12,Ice Cream,12,179.45,Sunny,0,1,61,224
1031,2024-09-29,Juice,16,415.46,Sunny,1,1,147,474
1032,2024-02-03,Tea,12,197.58,Sunny,0,0,160,113
1033,2024-09-25,Cake,13,188.14,Hot,0,0,25,236
1034,2023-03-27,Wrap,2,348.27,Cloudy,1,1,187,436
1035,2024-02-29,Tacos,12,145.31,Sunny,1,1,115,445
1036,2023-09-15,Ice Cream,1,492.4,Rainy,1,1,158,302
1037,2023-11-08,Biryani,7,486.1,Hot,0,0,69,90
1038,2023-09-27,Ice Cream,19,247.31,Cloudy,1,1,286,79
1039,2023-11-01,Tea,11,131.04,Cloudy,0,0,93,97
1040,2024-10-29,Juice,6,356.53,Hot,0,0,192,348
1041,2024-06-24,Coffee,17,451.35,Cloudy,1,1,257,475
1042,2023-04-22,Juice,15,323.29,Cloudy,0,1,44,475
1043,2023-02-01,Juice,4,184.15,Sunny,0,1,147,479
1044,2024-11-01,Tacos,8,340.48,Sunny,0,1,122,120
1045,2023-09-23,Wrap,5,230.29,Rainy,1,1,187,82
1046,2024-07-07,Ice Cream,7,430.13,Rainy,0,1,276,409
1047,2023-03-16,Burger,4,465.59,Cloudy,0,0,58,391
1048,2023-07-23,Pasta,19,201.06,Sunny,1,1,53,488
1049,2023-10-28,Cake,11,224.95,Rainy,0,1,147,356
1050,2024-03-29,Salad,19,176.68,Rainy,0,0,128,255
1051,2023-02-09,Sandwich,12,418.22,Rainy,0,1,264,220
1052,2023-01-09,Biryani,8,90.89,Rainy,0,0,248,177
1053,2024-12-24,Sandwich,1,293.65,Rainy,1,1,21,290
1054,2023-12-30,Biryani,15,482.51,Rainy,1,0,136,449
1055,2023-09-01,Burger,17,81.75,Hot,1,0,209,119
1056,2024-01-01,Wrap,15,338.04,Rainy,1,1,81,70
1057,2024-05-06,Biryani,6,84.33,Sunny,0,0,41,432
1058,2023-05-07,Fried Rice,15,180.99,Sunny,1,0,200,472
1059,2023-01-26,Sandwich,15,158.35,Cloudy,0,1,216,334
1060,2023-01-31,Salad,9,312.53,Hot,1,0,198,348
1061,2023-01-04,Burger,8,482.76,Rainy,0,1,167,474
1062,2023-07-11,Noodles,14,445.75,Sunny,1,1,82,115
1063,2023-08-31,Juice,16,384.34,Rainy,0,0,67,317
1064,2023-12-24,Juice,2,225.61,Sunny,1,0,247,498
1065,2024-04-25,Cake,11,181.76,Rainy,0,1,178,372
1066,2024-12-10,Noodles,19,324.6,Cloudy,1,0,72,166
1067,2023-03-28,Fried Rice,15,376.5,Sunny,0,1,285,489
1068,2024-12-17,Juice,16,469.48,Sunny,1,1,79,472
1069,2024-07-23,Pizza,8,231.71,Rainy,1,1,294,51
1070,2023-09-29,Ice Cream,17,291.65,Sunny,1,1,69,153
1071,2023-02-05,Tea,5,281.07,Cloudy,1,0,254,352
1072,2023-06-02,Coffee,17,294.79,Sunny,1,0,226,119
1073,2024-10-20,Burger,2,478.6,Rainy,0,1,121,62
1074,2024-10-22,Tea,4,199.58,Cloudy,1,0,88,199
1075,2024-07-14,Ice Cream,9,141.61,Cloudy,0,1,66,210
1076,2023-12-15,Fried Rice,1,256.72,Cloudy,1,0,101,297
1077,2023-12-06,Pizza,13,162.33,Sunny,0,0,125,247
1078,2023-02-14,Pasta,19,228.74,Sunny,1,1,253,397
1079,2024-11-17,Tea,10,396.48,Rainy,0,1,245,444
1080,2023-03-16,Juice,17,75.84,Hot,0,1,265,221
1081,2024-05-28,Juice,1,337.27,Sunny,1,1,261,271
1082,2023-05-08,Pizza,5,81.88,Rainy,0,0,149,290
1083,2023-05-17,Pasta,6,385.08,Rainy,0,0,48,299
1084,2023-07-11,Burger,6,443.03,Cloudy,0,1,93,136
1085,2023-03-04,Fried Rice,12,271.82,Hot,0,0,165,360
1086,2023-01-01,Salad,10,274.16,Cloudy,0,0,250,221
1087,2023-04-11,Juice,4,478.63,Rainy,0,0,243,358
1088,2023-08-28,Salad,7,337.08,Cloudy,1,1,244,238
1089,2023-02-10,Noodles,19,457.5,Hot,1,0,200,134
1090,2024-09-10,Sandwich,18,439.78,Rainy,0,1,238,492
1091,2024-06-10,Burger,19,363.19,Rainy,1,1,273,487
1092,2024-11-06,Sandwich,17,365.36,Sunny,1,1,35,193
1093,2023-11-13,Tacos,18,367.11,Hot,1,0,193,396
1094,2024-05-13,Ice Cream,17,169.33,Sunny,1,1,271,192
1095,2024-03-27,Salad,3,238.86,Cloudy,0,0,275,96
1096,2024-10-03,Sandwich,1,292.9,Cloudy,0,1,40,262
1097,2024-08-24,Cake,9,492.55,Hot,1,0,242,379
1098,2024-12-13,Wrap,14,331.98,Cloudy,0,0,40,236
1099,2023-05-26,Juice,15,333.5,Hot,1,0,179,458
1100,2023-07-08,Cake,8,421.95,Hot,1,0,95,312
1101,2024-09-08,Pasta,7,401.22,Cloudy,1,1,264,371
1102,2024-04-02,Burger,15,379.12,Cloudy,0,1,113,301
1103,2023-12-22,Cake,11,319.92,Sunny,0,0,109,208
1104,2024-06-24,Noodles,8,123.46,Hot,0,1,256,404
1105,2024-05-08,Sandwich,3,216.67,Cloudy,1,0,150,144
1106,2023-08-06,Fried Rice,5,148.47,Cloudy,1,0,37,131
1107,2023-12-18,Coffee,4,214.87,Sunny,1,0,57,464
1108,2024-11-27,Salad,19,250.72,Sunny,0,0,271,474
1109,2023-06-27,Juice,8,318.31,Sunny,1,0,213,223
1110,2024-03-21,Salad,8,458.62,Cloudy,0,1,117,353
1111,2023-11-18,Biryani,10,118.99,Rainy,1,0,227,404
1112,2024-05-11,Noodles,12,490.64,Cloudy,1,1,104,300
1113,2023-06-10,Burger,2,198.27,Sunny,0,0,169,171
1114,2024-01-30,Noodles,10,446.59,Cloudy,0,0,51,461
1115,2023-03-08,Cake,16,190.33,Hot,1,0,227,315
1116,2023-12-20,Pasta,10,163.04,Cloudy,1,0,93,52
1117,2024-11-28,Coffee,8,480.45,Rainy,1,0,72,319
1118,2023-10-22,Ice Cream,14,200.77,Sunny,0,1,281,111
1119,2024-02-05,Juice,12,325.41,Hot,0,1,289,482
1120,2024-07-12,Tea,16,80.09,Rainy,0,1,190,345
1121,2023-12-19,Fried Rice,10,497.4,Hot,1,1,41,439
1122,2024-12-20,Burger,2,344.69,Rainy,1,1,253,398
1123,2023-10-28,Biryani,5,183.93,Rainy,1,0,79,201
1124,2023-05-04,Ice Cream,5,441.26,Hot,1,1,205,351
1125,2023-08-02,Tea,17,273.54,Sunny,1,0,21,138
1126,2024-06-13,Cake,14,310.41,Hot,1,1,72,129
1127,2024-09-18,Burger,7,350.37,Cloudy,1,0,143,112
1128,2023-10-25,Tacos,10,381.49,Rainy,1,1,47,298
1129,2024-05-19,Salad,5,228.99,Hot,0,0,263,399
1130,2023-11-09,Coffee,5,151.15,Sunny,0,0,179,85
1131,2024-02-03,Pizza,6,80.69,Cloudy,0,0,113,296
1132,2024-02-24,Wrap,9,137.52,Rainy,0,0,280,395
1133,2024-10-07,Coffee,18,57.9,Cloudy,0,1,248,111
1134,2023-01-03,Burger,19,195.37,Hot,0,1,228,161
1135,2023-07-30,Sandwich,3,225.1,Hot,0,0,272,356
1136,2024-08-25,Pasta,3,331.98,Sunny,0,0,289,353
1137,2023-10-16,Fried Rice,15,64.78,Sunny,1,0,198,368
1138,2023-07-23,Salad,19,59.74,Rainy,1,1,218,216
1139,2024-01-03,Fried Rice,5,189.93,Rainy,1,1,119,465
1140,2024-10-15,Cake,12,384.89,Sunny,1,1,48,263
1141,2024-09-15,Tacos,4,411.94,Hot,0,1,149,423
1142,2023-05-04,Salad,19,194.67,Rainy,0,0,50,80
1143,2024-07-10,Tea,11,340.07,Hot,1,0,229,84
1144,2024-05-02,Fried Rice,4,397.52,Sunny,0,1,212,158
1145,2023-07-16,Tacos,18,65.83,Hot,0,0,185,350
1146,2024-01-24,Tacos,17,170.32,Sunny,1,0,187,272
1147,2024-05-12,Salad,15,139.19,Cloudy,1,1,264,443
1148,2023-03-21,Sandwich,6,451.67,Cloudy,1,0,115,194
1149,2023-05-21,Tacos,4,382.23,Sunny,1,1,29,69
1150,2024-03-04,Noodles,9,67.39,Rainy,1,0,232,410
1151,2023-02-07,Pasta,11,333.2,Rainy,0,1,47,53
1152,2023-02-14,Burger,9,274.59,Hot,0,1,65,304
1153,2023-01-22,Tacos,3,434.72,Hot,1,1,235,261
1154,2024-01-27,Pasta,3,256.32,Sunny,0,0,56,477
1155,2023-10-26,Sandwich,7,77.22,Hot,0,0,185,186
1156,2024-08-05,Fried Rice,13,430.39,Hot,1,1,254,387
1157,2023-01-12,Salad,16,119.78,Hot,0,0,290,306
1158,2023-01-09,Pizza,6,357.5,Hot,1,0,148,318
1159,2024-11-24,Juice,2,73.25,Rainy,0,1,80,104
1160,2023-08-05,Biryani,11,144.07,Hot,1,0,179,337
1161,2023-08-12,Tea,18,381.2,Sunny,0,1,178,85
1162,2024-07-18,Pizza,5,248.36,Sunny,1,1,101,257
1163,2023-05-24,Tacos,2,397.51,Rainy,1,0,204,281
1164,2024-05-22,Biryani,13,191.77,Cloudy,0,1,92,400
1165,2024-09-13,Fried Rice,2,215.31,Cloudy,1,0,275,133
1166,2024-11-09,Pasta,5,241.27,Sunny,0,0,104,349
1167,2024-10-18,Salad,18,149.49,Hot,0,0,160,446
1168,2024-02-25,Wrap,4,462.0,Hot,0,1,173,174
1169,2023-11-16,Juice,8,199.18,Sunny,0,0,49,379
1170,2023-12-01,Cake,16,121.08,Sunny,0,1,56,61
1171,2024-08-10,Salad,9,203.03,Hot,0,1,201,472
1172,2024-01-04,Pizza,13,400.35,Hot,1,0,134,303
1173,2024-02-12,Noodles,10,327.14,Cloudy,0,0,176,387
1174,2023-07-22,Cake,8,110.0,Rainy,0,0,112,207
1175,2023-05-19,Noodles,17,487.01,Cloudy,0,1,297,219
1176,2023-05-07,Salad,12,260.72,Rainy,1,0,261,217
1177,2024-08-28,Biryani,13,91.6,Hot,0,1,240,202
1178,2024-10-29,Tacos,18,225.2,Cloudy,0,0,292,109
1179,2024-09-03,Tea,1,332.86,Cloudy,0,0,149,433
1180,2024-03-04,Biryani,8,234.34,Sunny,1,0,289,449
1181,2024-09-26,Fried Rice,1,323.24,Cloudy,0,1,108,394
1182,2023-03-01,Biryani,5,428.99,Hot,1,1,214,482
1183,2024-01-15,Wrap,11,142.22,Rainy,1,0,284,400
1184,2024-06-26,Cake,9,137.05,Sunny,1,1,113,430
1185,2024-04-21,Salad,19,283.93,Sunny,0,0,227,55
1186,2024-11-29,Coffee,18,465.48,Sunny,0,0,153,242
1187,2023-10-05,Juice,14,109.58,Cloudy,0,0,34,87
1188,2023-04-03,Tacos,15,231.54,Hot,1,1,275,297
1189,2024-02-11,Biryani,10,130.69,Cloudy,0,1,102,62
1190,2024-08-25,Salad,3,278.06,Cloudy,0,1,250,275
1191,2023-04-05,Juice,12,289.64,Cloudy,0,1,207,353
1192,2024-02-17,Coffee,12,366.7,Sunny,1,0,60,491
1193,2024-02-06,Coffee,11,111.0,Rainy,0,1,142,485
1194,2024-04-19,Pizza,9,178.73,Sunny,0,1,112,337
1195,2024-09-07,Wrap,18,474.16,Sunny,1,0,188,101
1196,2024-02-03,Burger,6,469.32,Hot,0,1,46,129
1197,2023-05-12,Juice,6,437.15,Rainy,1,0,246,488
1198,2024-04-03,Pasta,15,168.48,Cloudy,0,1,120,194
1199,2024-06-23,Wrap,14,460.55,Sunny,0,1,164,451
1200,2024-10-13,Burger,15,287.67,Cloudy,0,1,71,380
1201,2024-10-07,Wrap,11,253.25,Hot,0,1,291,181
1202,2024-07-06,Coffee,8,250.33,Rainy,0,0,57,53
1203,2023-06-10,Sandwich,11,455.55,Cloudy,1,0,226,196
1204,2024-04-07,Biryani,13,414.85,Cloudy,1,0,92,400
1205,2024-10-21,Sandwich,1,145.4,Hot,0,0,96,327
1206,2023-05-26,Cake,14,319.71,Sunny,1,1,81,114
1207,2023-10-29,Pizza,10,376.17,Hot,1,1,254,217
1208,2024-04-27,Biryani,16,336.81,Sunny,0,0,159,193
1209,2024-01-19,Burger,11,102.14,Cloudy,0,1,57,471
1210,2023-08-11,Fried Rice,16,93.03,Sunny,0,1,138,211
1211,2024-07-24,Coffee,7,220.68,Rainy,1,0,283,156
1212,2024-01-14,Pasta,16,426.38,Rainy,0,0,106,417
1213,2023-01-22,Wrap,15,335.44,Cloudy,1,1,30,80
1214,2024-11-29,Sandwich,17,324.23,Sunny,1,0,250,251
1215,2023-07-13,Sandwich,5,192.34,Cloudy,0,1,144,218
1216,2023-02-06,Sandwich,9,165.11,Sunny,0,1,83,468
1217,2023-11-20,Noodles,2,492.89,Rainy,1,1,78,78
1218,2024-01-24,Wrap,4,355.15,Cloudy,0,0,239,181
1219,2024-02-21,Biryani,8,88.06,Sunny,1,0,209,169
1220,2024-04-19,Ice Cream,17,311.05,Rainy,0,1,239,124
1221,2023-08-09,Noodles,14,62.38,Rainy,0,1,278,475
1222,2023-07-14,Tea,6,89.75,Rainy,1,0,109,62
1223,2024-07-17,Noodles,13,95.91,Sunny,0,0,209,127
1224,2024-12-29,Fried Rice,14,374.95,Cloudy,0,1,208,289
1225,2024-10-11,Coffee,4,151.06,Sunny,1,0,189,117
1226,2024-01-10,Ice Cream,4,344.45,Sunny,0,1,280,342
1227,2024-01-07,Coffee,15,80.49,Rainy,0,1,237,413
1228,2024-07-14,Sandwich,17,185.5,Rainy,1,1,40,281
1229,2024-07-29,Pasta,12,192.75,Rainy,1,0,52,96
1230,2023-06-08,Biryani,10,177.51,Hot,0,0,260,128
1231,2024-07-15,Ice Cream,6,143.58,Rainy,1,0,255,483
1232,2023-06-03,Sandwich,9,463.84,Cloudy,0,1,65,435
1233,2024-04-22,Sandwich,14,394.77,Rainy,0,1,97,366
1234,2023-02-03,Tacos,8,137.72,Hot,0,0,151,361
1235,2023-06-29,Noodles,10,76.07,Rainy,0,0,235,404
1236,2024-12-28,Coffee,13,307.87,Hot,1,1,263,191
1237,2024-09-20,Cake,8,315.95,Cloudy,0,1,239,448
1238,2023-02-13,Burger,15,295.2,Sunny,0,1,126,158
1239,2023-08-10,Pasta,1,481.78,Rainy,0,0,99,418
1240,2023-07-19,Salad,9,266.69,Rainy,0,1,85,104
1241,2024-07-27,Juice,8,382.02,Hot,0,1,232,355
1242,2023-07-06,Ice Cream,7,239.78,Sunny,0,0,255,393
1243,2024-08-04,Salad,3,245.92,Cloudy,1,0,233,332
1244,2023-11-26,Sandwich,2,169.52,Rainy,0,1,214,123
1245,2024-11-06,Cake,14,151.38,Rainy,0,0,184,329
1246,2023-04-23,Wrap,12,202.02,Hot,1,0,164,417
1247,2023-03-26,Pizza,7,227.89,Rainy,1,0,295,103
1248,2024-05-23,Tacos,18,130.81,Hot,1,1,148,333
1249,2024-07-12,Biryani,6,429.64,Sunny,1,0,207,484
1250,2023-04-27,Juice,6,255.58,Rainy,1,1,180,165
1251,2023-07-08,Pizza,4,251.53,Rainy,0,0,134,428
1252,2023-07-05,Coffee,9,436.33,Hot,1,0,47,363
1253,2024-11-10,Biryani,4,283.94,Sunny,1,0,27,270
1254,2024-06-04,Fried Rice,19,455.85,Hot,1,1,98,430
1255,2024-02-14,Coffee,5,497.25,Rainy,0,0,147,214
1256,2024-11-11,Ice Cream,14,461.56,Cloudy,1,1,198,109
1257,2024-07-03,Biryani,4,172.5,Sunny,0,1,33,328
1258,2024-07-31,Burger,10,150.28,Hot,1,0,28,310
1259,2023-08-20,Pizza,14,287.75,Cloudy,1,0,224,187
1260,2024-10-14,Burger,2,135.64,Cloudy,1,1,287,357
1261,2023-02-03,Tacos,17,60.07,Sunny,0,0,110,113
1262,2024-10-04,Tea,14,122.92,Cloudy,0,0,298,486
1263,2024-01-28,Wrap,18,444.88,Cloudy,0,0,112,183
1264,2023-01-20,Pizza,13,474.18,Sunny,1,0,243,323
1265,2023-03-29,Cake,7,232.76,Sunny,0,1,31,418
1266,2023-06-18,Salad,17,248.22,Cloudy,0,1,123,175
1267,2023-08-17,Juice,7,392.66,Rainy,0,1,119,430
1268,2024-11-28,Pasta,16,297.05,Rainy,1,0,102,219
1269,2023-03-12,Juice,19,276.63,Hot,1,0,243,162
1270,2024-05-04,Noodles,7,366.22,Hot,1,1,155,226
1271,2023-04-19,Noodles,9,51.59,Hot,0,1,94,488
1272,2023-03-19,Ice Cream,4,330.71,Rainy,0,0,173,182
1273,2023-01-04,Pasta,10,393.68,Cloudy,1,0,133,89
1274,2024-08-07,Noodles,2,451.26,Rainy,1,0,105,102
1275,2023-12-14,Biryani,3,251.38,Cloudy,1,0,161,360
1276,2023-02-10,Pasta,1,443.19,Cloudy,1,1,131,256
1277,2023-01-27,Tacos,18,339.94,Rainy,0,1,292,470
1278,2024-08-10,Cake,8,370.43,Hot,0,1,36,105
1279,2023-04-24,Wrap,9,55.77,Rainy,0,1,292,52
1280,2023-11-19,Pizza,17,460.29,Sunny,0,0,132,116
1281,2023-11-24,Sandwich,7,188.55,Rainy,0,1,29,101
1282,2023-12-01,Cake,4,453.0,Cloudy,0,1,190,231
1283,2024-12-04,Burger,13,416.06,Sunny,0,1,261,370
1284,2023-11-06,Pizza,2,278.86,Rainy,0,0,246,170
1285,2024-01-07,Fried Rice,15,82.5,Rainy,1,1,59,96
1286,2024-06-26,Biryani,12,75.48,Rainy,1,0,276,489
1287,2023-01-29,Burger,18,480.52,Sunny,0,0,61,317
1288,2023-10-27,Tea,12,418.12,Hot,0,1,170,434
1289,2023-05-12,Biryani,18,423.27,Rainy,1,0,213,220
1290,2023-12-30,Sandwich,11,170.47,Cloudy,0,0,115,348
1291,2023-10-27,Biryani,11,159.41,Rainy,1,0,249,406
1292,2024-06-28,Salad,14,331.95,Sunny,1,1,131,486
1293,2024-03-04,Ice Cream,5,497.76,Rainy,0,0,20,437
1294,2024-07-03,Pizza,1,417.67,Hot,1,0,30,174
1295,2024-07-10,Tacos,2,417.08,Cloudy,1,1,62,275
1296,2024-11-22,Pasta,14,359.98,Hot,1,1,55,454
1297,2024-02-11,Juice,15,363.71,Cloudy,0,1,184,191
1298,2023-10-16,Wrap,5,445.12,Hot,0,0,40,109
1299,2023-08-30,Tacos,10,357.53,Hot,1,1,72,440
1300,2024-06-28,Ice Cream,4,177.57,Cloudy,0,0,54,498
1301,2024-03-21,Tacos,16,299.54,Cloudy,0,0,50,183
1302,2024-05-05,Salad,3,250.69,Sunny,1,1,266,380
1303,2023-07-22,Wrap,8,368.06,Cloudy,1,1,160,237
1304,2024-10-26,Juice,12,366.51,Rainy,1,0,222,67
1305,2024-11-19,Tea,5,449.75,Cloudy,1,0,143,471
1306,2024-01-04,Noodles,14,476.94,Hot,0,0,255,303
1307,2023-01-19,Tea,3,275.01,Sunny,1,1,296,222
1308,2024-02-18,Coffee,10,422.56,Sunny,0,1,267,311
1309,2024-11-02,Sandwich,1,376.41,Hot,1,1,288,177
1310,2024-10-21,Tacos,13,236.42,Rainy,1,0,179,95
1311,2024-07-20,Salad,8,203.36,Rainy,0,1,176,439
1312,2023-10-30,Cake,6,138.58,Hot,0,1,170,283
1313,2023-10-09,Noodles,18,498.05,Cloudy,1,1,127,312
1314,2023-04-19,Pasta,5,322.84,Hot,1,0,48,50
1315,2024-08-13,Wrap,2,173.53,Sunny,1,0,198,65
1316,2023-09-08,Tacos,9,369.76,Rainy,1,1,167,318
1317,2023-01-03,Cake,1,76.92,Sunny,0,1,79,328
1318,2024-03-23,Tea,19,156.2,Hot,0,0,285,141
1319,2024-08-09,Ice Cream,14,299.93,Sunny,1,1,291,194
1320,2024-12-03,Wrap,5,80.24,Sunny,1,1,89,139
1321,2023-05-07,Tacos,12,316.6,Cloudy,1,1,31,121
1322,2024-01-30,Wrap,3,195.7,Rainy,0,0,281,423
1323,2024-04-06,Wrap,9,305.75,Sunny,0,0,209,239
1324,2023-09-19,Coffee,19,263.44,Hot,0,1,41,80
1325,2023-04-28,Tacos,11,489.58,Rainy,0,0,80,332
1326,2023-09-22,Fried Rice,4,447.69,Sunny,0,0,192,383
1327,2023-05-29,Ice Cream,11,498.81,Hot,0,0,284,317
1328,2024-06-29,Biryani,19,467.64,Cloudy,0,0,118,66
1329,2023-12-09,Sandwich,10,422.66,Hot,1,1,89,449
1330,2023-06-03,Fried Rice,4,399.17,Rainy,1,1,281,129
1331,2023-09-05,Wrap,17,92.28,Sunny,1,0,264,222
1332,2024-02-14,Tacos,11,119.83,Sunny,1,0,141,320
1333,2023-04-13,Tea,15,363.37,Cloudy,1,1,169,186
1334,2024-12-19,Pasta,16,268.59,Hot,0,0,126,491
1335,2024-04-08,Burger,9,210.28,Sunny,0,0,188,230
1336,2023-03-17,Tea,12,198.0,Sunny,1,0,136,359
1337,2023-01-06,Pasta,1,297.88,Cloudy,0,0,277,144
1338,2024-11-11,Ice Cream,8,138.69,Cloudy,0,1,243,382
1339,2024-02-27,Tacos,3,101.07,Hot,1,1,128,470
1340,2024-09-02,Tea,6,297.46,Sunny,1,0,152,129
1341,2023-11-20,Sandwich,13,285.41,Cloudy,0,0,287,133
1342,2024-01-23,Biryani,17,474.18,Cloudy,1,1,49,333
1343,2024-02-11,Pizza,15,419.45,Sunny,1,1,46,332
1344,2024-01-15,Ice Cream,12,407.42,Hot,0,0,280,217
1345,2024-03-24,Burger,18,316.42,Sunny,0,0,141,284
1346,2023-12-13,Tacos,3,131.63,Rainy,0,1,31,205
1347,2024-01-23,Coffee,2,227.49,Cloudy,0,0,76,245
1348,2023-09-16,Coffee,8,103.06,Cloudy,1,1,181,477
1349,2023-10-23,Pizza,10,279.06,Cloudy,0,0,249,246
1350,2024-07-21,Biryani,10,210.45,Rainy,0,0,266,379
1351,2023-12-12,Salad,16,87.62,Sunny,1,0,125,240
1352,2024-07-27,Ice Cream,16,359.61,Cloudy,0,0,160,87
1353,2024-07-05,Fried Rice,10,361.41,Sunny,0,1,252,272
1354,2023-10-25,Cake,10,261.44,Rainy,1,1,104,383
1355,2023-07-13,Ice Cream,16,215.14,Sunny,0,1,238,483
1356,2024-06-11,Cake,4,390.14,Cloudy,1,0,201,80
1357,2024-02-01,Salad,5,411.88,Hot,0,1,166,285
1358,2024-05-20,Juice,8,495.31,Cloudy,0,0,113,342
1359,2024-06-29,Coffee,11,395.26,Hot,1,1,273,104
1360,2024-11-29,Juice,8,494.18,Hot,0,0,125,62
1361,2023-09-24,Wrap,8,253.37,Sunny,1,0,276,230
1362,2023-07-20,Burger,12,482.78,Sunny,0,1,65,193
1363,2024-04-26,Ice Cream,2,126.3,Cloudy,1,0,260,56
1364,2024-11-14,Burger,17,362.38,Sunny,1,1,63,443
1365,2023-04-24,Fried Rice,7,308.32,Sunny,0,1,255,53
1366,2024-02-20,Juice,12,273.87,Rainy,1,1,205,283
1367,2024-04-08,Tacos,4,357.3,Hot,0,1,233,310
1368,2024-04-26,Tea,12,248.63,Cloudy,0,1,223,190
1369,2024-01-16,Tacos,14,396.93,Cloudy,0,0,130,176
1370,2024-06-27,Biryani,10,250.17,Sunny,0,0,276,121
1371,2023-05-29,Tea,4,156.89,Rainy,1,0,180,353
1372,2023-08-24,Salad,3,72.34,Hot,1,0,205,395
1373,2024-01-06,Coffee,14,176.9,Hot,1,0,95,62
1374,2024-02-26,Juice,12,231.22,Hot,0,1,114,403
1375,2023-06-02,Cake,7,492.01,Sunny,1,1,266,82
1376,2023-06-16,Biryani,2,240.42,Hot,0,1,135,424
1377,2024-12-08,Pizza,15,186.76,Cloudy,0,1,29,66
1378,2024-08-19,Cake,15,202.9,Hot,0,0,119,191
1379,2024-08-25,Ice Cream,1,352.55,Rainy,1,0,294,178
1380,2024-02-23,Pasta,11,430.06,Rainy,0,0,94,279
1381,2024-02-08,Pasta,8,249.2,Sunny,1,1,168,375
1382,2024-06-27,Burger,18,386.0,Cloudy,0,0,152,453
1383,2024-01-10,Juice,11,197.77,Cloudy,0,0,221,419
1384,2023-07-28,Sandwich,8,156.44,Hot,1,0,51,248
1385,2024-07-16,Burger,11,82.99,Hot,1,1,68,452
1386,2023-09-27,Wrap,12,409.2,Cloudy,0,0,171,353
1387,2024-04-25,Juice,18,359.43,Cloudy,1,0,32,80
1388,2024-04-07,Juice,9,170.44,Cloudy,0,0,96,341
1389,2024-01-14,Burger,13,83.36,Cloudy,1,0,26,382
1390,2023-12-22,Ice Cream,12,215.76,Sunny,0,1,110,223
1391,2023-05-13,Fried Rice,6,330.82,Rainy,0,1,240,439
1392,2024-12-05,Pizza,7,173.55,Rainy,1,0,185,474
1393,2023-12-13,Burger,10,322.67,Rainy,1,0,231,276
1394,2024-02-07,Sandwich,5,475.72,Hot,1,1,49,149
1395,2023-12-09,Salad,7,188.93,Rainy,0,1,138,87
1396,2024-08-10,Tea,6,453.14,Sunny,1,0,81,198
1397,2024-11-07,Tacos,12,75.07,Sunny,1,1,197,262
1398,2024-04-08,Biryani,8,292.75,Cloudy,0,1,139,142
1399,2024-08-07,Coffee,8,397.07,Cloudy,1,1,51,373
1400,2024-05-14,Juice,15,154.58,Cloudy,0,0,86,326
1401,2024-05-23,Ice Cream,10,354.03,Hot,0,1,105,94
1402,2023-05-28,Wrap,16,126.51,Cloudy,1,0,146,276
1403,2024-04-03,Ice Cream,14,409.92,Cloudy,0,1,148,400
1404,2024-07-07,Tea,1,421.54,Rainy,0,1,123,287
1405,2024-03-20,Tacos,18,219.41,Hot,0,0,86,230
1406,2024-06-27,Sandwich,7,80.66,Sunny,0,0,207,204
1407,2023-12-10,Wrap,13,127.78,Cloudy,1,0,245,451
1408,2023-03-17,Juice,10,434.7,Hot,1,0,195,189
1409,2023-05-26,Tea,1,435.31,Cloudy,1,0,184,459
1410,2023-02-06,Pasta,3,174.95,Hot,1,0,196,436
1411,2024-01-26,Fried Rice,13,459.61,Sunny,0,1,215,487
1412,2023-03-14,Pizza,13,309.74,Cloudy,1,0,40,401
1413,2023-07-01,Tea,2,398.39,Cloudy,0,0,34,83
1414,2023-04-11,Ice Cream,19,340.31,Sunny,0,1,24,56
1415,2023-04-20,Tacos,11,170.69,Sunny,0,1,297,284
1416,2024-11-14,Juice,6,399.97,Hot,0,0,202,141
1417,2024-02-19,Pizza,14,437.68,Cloudy,1,0,204,113
1418,2024-07-20,Salad,2,324.19,Sunny,1,1,255,260
1419,2024-03-06,Sandwich,10,423.2,Sunny,0,1,216,191
1420,2024-01-25,Pizza,15,318.37,Sunny,0,1,275,57
1421,2024-01-27,Ice Cream,8,61.94,Rainy,0,0,164,441
1422,2023-12-01,Cake,6,96.03,Hot,1,0,299,348
1423,2024-11-17,Juice,5,148.93,Sunny,1,1,140,396
1424,2023-08-31,Coffee,10,495.47,Sunny,0,1,99,58
1425,2023-01-26,Pizza,15,239.14,Hot,1,0,244,119
1426,2023-10-04,Ice Cream,3,404.02,Cloudy,1,0,119,172
1427,2023-06-24,Salad,16,93.64,Rainy,0,0,241,483
1428,2023-04-11,Biryani,13,409.03,Sunny,1,1,233,91
1429,2024-04-29,Fried Rice,2,101.34,Sunny,0,0,290,293
1430,2024-05-23,Burger,2,342.72,Hot,1,0,199,351
1431,2023-10-17,Juice,7,429.01,Sunny,1,1,171,82
1432,2024-01-01,Wrap,3,361.51,Cloudy,1,1,213,491
1433,2024-05-28,Pasta,8,97.53,Cloudy,1,1,279,204
1434,2023-05-20,Noodles,19,422.71,Cloudy,1,1,25,333
1435,2024-09-11,Juice,4,109.06,Rainy,1,1,281,172
1436,2024-05-28,Burger,17,359.51,Cloudy,1,1,150,164
1437,2023-08-24,Noodles,19,381.88,Cloudy,1,0,137,410
1438,2024-06-08,Biryani,18,317.62,Sunny,0,1,206,58
1439,2024-04-05,Wrap,17,385.68,Hot,0,1,215,406
1440,2024-07-27,Burger,9,402.62,Hot,0,0,258,365
1441,2024-11-19,Burger,9,202.66,Cloudy,1,0,183,333
1442,2023-08-11,Fried Rice,4,358.05,Cloudy,1,1,202,172
1443,2024-05-28,Pizza,10,436.33,Cloudy,1,1,230,156
1444,2023-06-04,Coffee,9,165.94,Sunny,0,0,263,196
1445,2024-06-07,Fried Rice,2,81.69,Sunny,0,1,41,448
1446,2023-07-27,Biryani,1,312.64,Hot,1,1,252,107
1447,2024-03-16,Wrap,17,50.01,Cloudy,1,0,182,398
1448,2023-03-08,Ice Cream,3,301.93,Cloudy,0,1,151,249
1449,2024-05-27,Pasta,19,68.77,Cloudy,1,1,289,200
1450,2024-07-13,Salad,3,325.79,Sunny,0,0,290,268
1451,2024-06-05,Pizza,14,260.71,Cloudy,0,0,188,383
1452,2024-08-12,Biryani,9,440.99,Rainy,1,1,280,100
1453,2023-11-26,Tea,12,123.66,Rainy,1,1,242,258
1454,2024-12-19,Ice Cream,7,221.89,Hot,1,0,102,479
1455,2024-06-11,Ice Cream,4,152.27,Hot,0,0,204,257
1456,2024-08-18,Tea,9,160.95,Cloudy,1,0,246,231
1457,2024-03-13,Burger,5,57.15,Rainy,0,1,125,494
1458,2023-09-29,Ice Cream,6,90.84,Rainy,1,0,118,426
1459,2023-02-09,Cake,12,409.88,Hot,0,1,90,138
1460,2024-10-23,Noodles,3,147.47,Hot,1,0,92,102
1461,2023-03-23,Burger,3,197.44,Cloudy,1,1,126,65
1462,2023-08-27,Biryani,13,289.34,Rainy,1,1,119,226
1463,2023-06-28,Coffee,5,77.46,Hot,0,0,181,121
1464,2024-03-17,Pasta,7,136.87,Rainy,1,0,240,360
1465,2024-12-17,Noodles,13,432.6,Cloudy,1,0,157,345
1466,2023-05-12,Ice Cream,18,136.24,Rainy,1,1,53,175
1467,2024-07-11,Sandwich,9,360.43,Sunny,0,1,132,431
1468,2024-03-09,Biryani,2,303.71,Hot,0,0,162,276
1469,2023-08-02,Burger,5,64.94,Sunny,0,0,172,81
1470,2024-03-04,Noodles,3,125.25,Hot,1,0,157,256
1471,2024-10-23,Tacos,4,169.79,Hot,0,0,165,455
1472,2024-05-22,Pizza,1,54.31,Cloudy,1,0,235,303
1473,2024-10-04,Sandwich,2,420.75,Cloudy,0,1,76,62
1474,2024-05-14,Fried Rice,16,409.3,Cloudy,0,1,263,491
1475,2024-05-21,Wrap,10,157.59,Sunny,0,0,238,98
1476,2023-08-05,Burger,6,122.98,Sunny,1,0,220,368
1477,2023-12-01,Cake,9,198.36,Sunny,1,0,257,241
1478,2024-01-27,Pasta,13,94.43,Rainy,1,1,57,380
1479,2024-07-09,Ice Cream,6,364.6,Sunny,0,1,253,419
1480,2023-06-15,Noodles,5,376.11,Cloudy,1,1,150,495
1481,2023-03-25,Noodles,10,124.01,Cloudy,0,0,276,174
1482,2023-12-17,Wrap,9,291.43,Cloudy,0,0,169,82
1483,2024-10-24,Fried Rice,15,480.77,Rainy,1,1,95,280
1484,2024-04-04,Wrap,15,168.9,Rainy,0,0,69,106
1485,2024-07-18,Biryani,7,398.95,Hot,1,0,106,228
1486,2023-04-13,Cake,11,482.75,Hot,0,0,47,181
1487,2023-03-10,Sandwich,3,224.97,Cloudy,1,0,107,319
1488,2024-10-28,Juice,8,105.06,Hot,1,1,286,362
1489,2024-12-14,Salad,4,195.42,Hot,1,0,230,183
1490,2023-11-10,Wrap,7,155.72,Rainy,0,1,218,199
1491,2024-01-15,Burger,8,418.03,Hot,1,1,178,487
1492,2024-04-02,Pizza,14,320.18,Sunny,0,0,192,448
1493,2023-01-18,Biryani,6,313.67,Cloudy,1,0,214,382
1494,2023-12-10,Salad,13,432.92,Sunny,0,1,223,213
1495,2024-06-16,Salad,10,185.39,Cloudy,0,1,170,290
1496,2023-10-13,Juice,11,454.47,Cloudy,1,1,35,408
1497,2023-03-16,Tacos,14,244.19,Cloudy,0,0,74,152
1498,2023-07-31,Biryani,18,104.69,Hot,1,0,232,479
1499,2023-04-10,Tea,18,148.66,Hot,0,1,249,297
1500,2023-10-07,Biryani,4,350.79,Hot,1,1,221,307
1501,2024-11-11,Fried Rice,11,153.52,Rainy,0,0,50,305
1502,2024-11-14,Sandwich,16,357.72,Hot,1,1,182,262
1503,2024-06-19,Burger,19,183.86,Sunny,0,0,232,156
1504,2023-03-14,Fried Rice,1,363.41,Cloudy,1,1,127,284
1505,2024-10-17,Biryani,10,307.08,Cloudy,0,0,263,184
1506,2023-11-02,Salad,11,297.27,Sunny,0,1,106,101
1507,2023-04-13,Coffee,16,133.37,Cloudy,1,0,153,98
1508,2024-12-15,Ice Cream,10,133.48,Rainy,1,0,276,126
1509,2023-09-08,Wrap,12,251.45,Rainy,0,0,199,434
1510,2023-02-03,Coffee,16,198.06,Hot,0,0,151,396
1511,2024-10-02,Pizza,9,447.59,Cloudy,0,0,180,150
1512,2023-10-29,Wrap,13,481.42,Hot,1,1,52,261
1513,2024-05-07,Sandwich,17,495.45,Hot,0,1,173,331
1514,2024-10-04,Wrap,18,489.24,Sunny,1,1,149,179
1515,2023-03-04,Salad,13,420.83,Hot,1,0,284,374
1516,2024-02-25,Ice Cream,3,59.49,Rainy,1,0,75,298
1517,2023-08-30,Cake,5,242.28,Sunny,1,1,283,93
1518,2023-03-20,Tea,17,369.97,Hot,1,1,227,388
1519,2024-10-12,Salad,12,211.62,Rainy,1,0,88,130
1520,2023-04-26,Juice,17,111.71,Rainy,0,1,26,378
1521,2024-05-07,Wrap,4,469.98,Cloudy,1,1,26,52
1522,2023-11-02,Pasta,3,277.77,Sunny,0,1,226,204
1523,2024-03-29,Juice,7,267.36,Rainy,1,0,156,192
1524,2023-12-07,Coffee,19,159.11,Sunny,1,0,247,193
1525,2023-02-18,Pizza,17,394.06,Sunny,1,1,246,80
1526,2023-12-21,Cake,11,500.0,Rainy,1,1,199,297
1527,2024-07-29,Juice,3,433.91,Sunny,1,1,150,268
1528,2023-11-10,Burger,2,375.27,Sunny,0,0,79,498
1529,2024-05-12,Burger,17,476.2,Cloudy,0,0,215,84
1530,2023-12-07,Pizza,7,131.92,Rainy,1,0,112,266
1531,2023-05-08,Pasta,12,473.68,Sunny,0,1,286,402
1532,2023-09-05,Salad,17,170.72,Sunny,1,1,121,309
1533,2023-06-07,Ice Cream,12,448.12,Rainy,1,1,190,183
1534,2024-08-08,Noodles,2,369.12,Cloudy,0,0,236,403
1535,2023-02-14,Cake,11,238.03,Hot,1,1,280,175
1536,2024-06-02,Biryani,12,314.11,Rainy,0,1,168,445
1537,2024-02-27,Coffee,6,377.24,Cloudy,1,1,107,108
1538,2024-04-19,Ice Cream,8,162.2,Hot,0,0,120,194
1539,2023-02-28,Juice,15,280.53,Hot,0,1,144,71
1540,2023-12-20,Tea,13,270.47,Sunny,1,0,163,123
1541,2024-06-10,Burger,16,329.89,Sunny,0,1,42,65
1542,2023-08-19,Fried Rice,1,162.34,Sunny,1,1,39,80
1543,2024-03-17,Burger,5,237.71,Rainy,1,1,234,342
1544,2024-07-07,Burger,17,238.44,Hot,1,1,193,105
1545,2024-10-12,Salad,2,362.25,Rainy,0,0,57,290
1546,2023-02-24,Tacos,14,468.56,Rainy,1,1,297,76
1547,2023-07-16,Pasta,18,191.22,Hot,1,0,106,122
1548,2023-06-03,Tacos,5,53.09,Sunny,1,1,193,343
1549,2023-02-04,Ice Cream,10,87.28,Sunny,1,0,99,384
1550,2024-02-17,Tea,6,242.47,Hot,1,0,69,317
1551,2024-02-21,Biryani,14,411.22,Cloudy,1,0,238,137
1552,2024-09-04,Salad,8,432.89,Rainy,0,0,88,410
1553,2023-12-26,Wrap,12,108.86,Sunny,1,0,80,211
1554,2024-06-04,Fried Rice,11,369.22,Rainy,1,0,263,497
1555,2023-03-21,Noodles,14,160.08,Cloudy,0,1,170,483
1556,2024-02-17,Juice,13,348.77,Rainy,0,0,185,460
1557,2023-12-17,Ice Cream,3,421.14,Hot,1,0,169,462
1558,2023-03-22,Sandwich,1,330.87,Sunny,0,0,144,366
1559,2023-09-14,Coffee,6,124.51,Hot,1,0,299,220
1560,2024-10-26,Pasta,18,186.13,Sunny,0,1,55,380
1561,2023-02-22,Pasta,3,213.95,Hot,1,1,129,295
1562,2024-02-14,Juice,5,217.33,Rainy,0,0,175,311
1563,2023-04-19,Wrap,9,206.89,Cloudy,0,1,248,80
1564,2024-10-18,Biryani,17,370.89,Sunny,1,0,119,251
1565,2023-05-10,Sandwich,3,328.46,Rainy,1,1,175,121
1566,2023-03-24,Noodles,8,60.71,Hot,0,0,123,202
1567,2023-08-01,Salad,6,422.36,Cloudy,0,0,140,447
1568,2023-12-20,Noodles,12,64.17,Cloudy,1,0,40,318
1569,2023-12-12,Tea,16,295.94,Cloudy,0,0,110,314
1570,2023-10-30,Wrap,17,491.46,Rainy,1,1,52,154
1571,2023-01-01,Ice Cream,11,117.75,Sunny,1,0,108,201
1572,2024-05-25,Biryani,8,123.69,Sunny,0,0,250,463
1573,2023-10-15,Pizza,14,163.64,Cloudy,1,1,142,106
1574,2024-06-08,Ice Cream,17,266.91,Sunny,1,1,76,217
1575,2024-05-25,Cake,13,414.07,Cloudy,1,0,262,472
1576,2023-09-17,Fried Rice,3,166.37,Rainy,1,1,276,92
1577,2023-03-19,Tea,13,261.4,Cloudy,0,0,118,311
1578,2024-04-12,Fried Rice,3,63.47,Hot,0,1,233,119
1579,2024-03-22,Noodles,15,270.55,Sunny,0,1,86,384
1580,2024-01-04,Noodles,13,477.27,Cloudy,1,1,158,104
1581,2024-02-05,Noodles,5,173.22,Sunny,1,1,33,141
1582,2024-05-03,Cake,12,53.41,Rainy,1,0,184,76
1583,2024-09-23,Coffee,8,472.87,Rainy,0,1,216,70
1584,2023-12-10,Salad,7,380.6,Cloudy,0,1,98,423
1585,2023-10-27,Cake,16,184.61,Hot,0,0,127,366
1586,2023-07-28,Wrap,4,439.35,Hot,0,0,122,166
1587,2023-02-10,Tacos,7,380.39,Rainy,1,1,76,307
1588,2023-04-12,Tacos,12,225.77,Sunny,0,0,234,338
1589,2024-04-24,Burger,11,367.43,Cloudy,0,1,190,135
1590,2023-12-31,Salad,15,401.28,Hot,0,1,124,219
1591,2023-03-08,Fried Rice,12,72.18,Rainy,1,1,237,67
1592,2024-07-16,Juice,6,430.81,Sunny,0,1,272,64
1593,2023-11-11,Ice Cream,5,476.52,Sunny,1,1,53,288
1594,2023-03-02,Tea,1,393.99,Cloudy,1,0,179,458
1595,2024-10-05,Salad,13,110.24,Rainy,1,0,179,219
1596,2023-03-13,Sandwich,18,264.73,Cloudy,0,1,159,398
1597,2024-09-19,Salad,14,455.25,Rainy,1,1,230,364
1598,2024-01-19,Coffee,19,176.44,Hot,0,0,94,136
1599,2024-07-27,Biryani,12,444.91,Cloudy,1,0,31,165
1600,2023-06-14,Biryani,15,372.81,Cloudy,0,1,113,278
1601,2024-05-18,Pizza,15,417.95,Sunny,0,1,133,458
1602,2024-03-13,Noodles,2,371.3,Hot,0,0,108,278
1603,2024-06-07,Salad,18,270.76,Hot,0,1,147,82
1604,2023-01-06,Coffee,17,163.15,Hot,0,0,291,145
1605,2024-12-03,Noodles,8,185.76,Sunny,0,1,236,389
1606,2023-03-02,Coffee,3,323.14,Sunny,1,1,125,139
1607,2024-10-15,Pasta,17,150.69,Rainy,0,1,96,165
1608,2024-04-22,Tacos,10,286.82,Hot,0,0,60,99
1609,2024-04-09,Cake,18,267.58,Sunny,1,0,180,128
1610,2024-05-06,Burger,13,205.28,Sunny,1,0,283,276
1611,2023-03-13,Salad,19,332.54,Rainy,1,0,53,427
1612,2023-12-20,Tea,10,431.03,Rainy,0,1,107,455
1613,2024-04-29,Tacos,6,293.43,Cloudy,0,1,211,144
1614,2024-04-17,Ice Cream,9,285.48,Sunny,1,1,104,302
1615,2023-01-25,Ice Cream,6,279.55,Sunny,1,1,122,397
1616,2023-12-02,Fried Rice,17,313.55,Cloudy,1,0,197,408
1617,2023-04-24,Tacos,14,111.26,Cloudy,0,1,24,249
1618,2024-03-06,Noodles,12,322.24,Sunny,0,0,192,199
1619,2023-06-21,Fried Rice,11,232.76,Rainy,1,0,108,432
1620,2024-02-26,Pasta,12,292.09,Sunny,0,0,215,358
1621,2023-01-29,Wrap,4,235.47,Rainy,1,0,297,350
1622,2023-11-26,Noodles,2,345.58,Hot,1,1,91,84
1623,2024-03-26,Coffee,3,325.53,Sunny,1,0,282,491
1624,2024-02-29,Tacos,6,273.95,Rainy,1,0,250,168
1625,2023-04-14,Burger,8,273.33,Rainy,1,0,139,468
1626,2023-06-26,Pasta,12,486.0,Rainy,0,0,104,113
1627,2024-06-05,Pasta,17,72.39,Hot,0,0,123,101
1628,2024-03-27,Noodles,10,288.56,Hot,0,0,164,118
1629,2024-09-30,Pasta,18,480.56,Hot,1,1,298,115
1630,2023-10-14,Noodles,6,331.03,Cloudy,1,0,150,437
1631,2023-10-27,Juice,2,290.51,Cloudy,0,1,34,282
1632,2023-03-16,Tea,12,280.98,Rainy,1,1,56,77
1633,2023-02-12,Noodles,16,396.13,Rainy,0,1,280,495
1634,2023-06-18,Burger,9,81.04,Rainy,1,0,61,483
1635,2023-12-06,Tacos,8,387.91,Rainy,0,1,54,248
1636,2024-09-12,Salad,4,184.11,Rainy,0,1,151,95
1637,2024-08-19,Biryani,10,238.92,Cloudy,1,0,88,266
1638,2023-05-22,Noodles,5,417.91,Rainy,0,0,167,268
1639,2024-05-20,Biryani,9,225.68,Sunny,0,1,40,151
1640,2023-01-01,Tacos,1,428.76,Hot,1,0,88,462
1641,2023-05-07,Wrap,15,288.7,Hot,1,1,154,435
1642,2024-09-12,Ice Cream,4,492.77,Hot,1,0,155,89
1643,2024-04-24,Salad,10,400.75,Cloudy,0,0,73,198
1644,2024-05-25,Noodles,8,148.37,Cloudy,0,0,180,467
1645,2024-07-22,Ice Cream,9,68.15,Cloudy,1,0,294,232
1646,2024-03-02,Sandwich,2,483.68,Hot,1,0,122,327
1647,2023-06-24,Pasta,2,208.34,Sunny,1,0,55,83
1648,2024-10-29,Wrap,14,182.66,Cloudy,0,0,107,151
1649,2024-06-11,Cake,4,439.36,Hot,1,0,259,53
1650,2024-12-13,Cake,14,231.51,Sunny,1,1,261,319
1651,2024-07-27,Tea,1,273.06,Cloudy,0,1,232,208
1652,2024-05-20,Pizza,6,260.86,Sunny,1,1,144,182
1653,2023-11-27,Coffee,5,246.7,Rainy,0,1,159,244
1654,2023-01-14,Juice,15,477.88,Cloudy,1,0,186,489
1655,2023-06-21,Sandwich,2,478.33,Hot,1,0,69,50
1656,2024-06-16,Fried Rice,9,491.17,Cloudy,1,0,89,114
1657,2023-01-07,Fried Rice,7,350.87,Rainy,1,0,150,306
1658,2023-04-17,Pasta,14,213.85,Rainy,1,0,218,490
1659,2023-06-06,Salad,10,144.13,Rainy,0,1,241,267
1660,2024-03-01,Wrap,5,443.82,Sunny,0,0,48,266
1661,2023-07-11,Salad,10,375.92,Rainy,1,1,238,390
1662,2023-07-03,Sandwich,16,102.27,Sunny,0,1,232,358
1663,2024-11-10,Tacos,6,330.78,Cloudy,1,1,30,436
1664,2024-08-05,Cake,6,88.71,Hot,0,0,216,75
1665,2024-10-10,Pasta,14,499.94,Rainy,0,0,187,214
1666,2024-04-29,Sandwich,4,258.83,Rainy,1,0,97,284
1667,2023-12-21,Fried Rice,5,464.43,Rainy,0,1,286,127
1668,2024-11-01,Cake,6,400.77,Cloudy,1,0,241,67
1669,2024-12-26,Ice Cream,16,253.5,Hot,1,1,70,112
1670,2023-01-05,Cake,1,410.06,Rainy,1,1,82,438
1671,2024-09-07,Tea,15,325.12,Rainy,0,1,186,407
1672,2024-01-26,Fried Rice,5,434.85,Rainy,0,0,158,360
1673,2023-06-26,Ice Cream,15,381.7,Rainy,1,0,287,163
1674,2023-07-11,Biryani,9,214.74,Cloudy,1,1,69,260
1675,2023-09-11,Fried Rice,5,497.06,Sunny,1,0,24,474
1676,2023-12-02,Ice Cream,16,225.78,Cloudy,0,0,119,338
1677,2024-08-04,Coffee,8,349.69,Sunny,1,0,290,440
1678,2024-06-26,Noodles,15,339.53,Hot,1,1,103,456
1679,2024-08-23,Coffee,3,349.42,Cloudy,0,0,204,469
1680,2023-04-19,Noodles,2,60.96,Cloudy,0,0,23,181
1681,2023-11-21,Pizza,13,183.06,Hot,1,0,119,237
1682,2024-03-28,Coffee,10,86.97,Sunny,1,1,224,484
1683,2023-03-21,Burger,1,91.13,Cloudy,1,0,168,58
1684,2024-12-27,Wrap,10,498.24,Cloudy,0,0,141,99
1685,2023-01-07,Biryani,18,168.31,Hot,1,1,99,421
1686,2023-05-27,Biryani,17,56.52,Sunny,0,1,129,455
1687,2024-04-12,Noodles,2,96.48,Sunny,1,0,191,424
1688,2023-06-21,Salad,17,277.49,Rainy,0,1,236,282
1689,2023-11-28,Ice Cream,4,384.07,Sunny,1,0,96,421
1690,2024-05-21,Pizza,18,380.04,Cloudy,1,1,272,254
1691,2023-08-21,Noodles,12,138.49,Hot,0,1,25,418
1692,2024-01-21,Biryani,17,111.78,Hot,0,1,239,483
1693,2023-05-07,Tea,6,350.64,Hot,0,0,299,66
1694,2023-02-25,Juice,4,410.82,Hot,0,1,30,208
1695,2023-01-18,Wrap,18,85.37,Hot,0,1,37,80
1696,2023-01-21,Burger,11,251.4,Sunny,0,0,21,412
1697,2024-12-19,Coffee,16,494.99,Sunny,0,1,294,336
1698,2024-12-03,Fried Rice,6,125.19,Sunny,1,1,211,61
1699,2023-01-19,Tea,17,160.94,Rainy,0,0,196,172
1700,2023-06-27,Biryani,6,243.81,Sunny,0,0,90,199
1701,2024-08-27,Pasta,8,61.89,Rainy,1,1,134,376
1702,2023-03-22,Tacos,2,194.91,Hot,1,0,205,482
1703,2024-12-22,Pasta,11,183.41,Cloudy,0,0,123,399
1704,2023-05-13,Tacos,19,260.18,Rainy,1,0,79,431
1705,2023-10-11,Coffee,17,297.02,Sunny,1,0,39,471
1706,2023-06-10,Pasta,12,287.54,Sunny,0,0,264,274
1707,2023-04-09,Biryani,15,53.46,Rainy,0,0,109,265
1708,2024-04-18,Salad,18,118.68,Rainy,0,0,257,164
1709,2024-07-31,Cake,6,119.64,Rainy,0,1,278,472
1710,2024-01-11,Ice Cream,3,193.45,Sunny,0,0,244,123
1711,2024-07-30,Pasta,13,261.63,Sunny,0,1,57,116
1712,2024-10-11,Pizza,15,363.94,Hot,1,1,199,319
1713,2024-04-21,Cake,6,367.38,Rainy,1,0,110,477
1714,2024-06-02,Coffee,7,351.07,Hot,1,1,73,85
1715,2023-01-25,Juice,2,69.17,Rainy,1,1,138,210
1716,2024-01-23,Burger,3,142.81,Rainy,0,0,242,251
1717,2023-07-20,Pizza,5,342.87,Hot,1,1,268,244
1718,2023-04-19,Pasta,19,304.29,Rainy,1,1,236,245
1719,2024-05-18,Sandwich,9,76.58,Rainy,1,0,27,495
1720,2023-08-23,Fried Rice,11,449.92,Rainy,1,0,86,116
1721,2023-08-11,Salad,11,190.23,Cloudy,1,1,108,303
1722,2023-04-27,Tacos,11,69.51,Hot,0,1,62,294
1723,2023-01-15,Pasta,19,229.9,Sunny,1,1,152,217
1724,2024-03-11,Sandwich,6,409.82,Rainy,1,0,291,359
1725,2023-09-09,Pasta,15,271.52,Rainy,1,0,174,400
1726,2023-07-04,Coffee,5,298.36,Rainy,1,0,277,354
1727,2024-04-03,Cake,18,259.3,Sunny,0,0,241,259
1728,2024-08-02,Biryani,4,266.23,Hot,1,1,66,470
1729,2023-09-28,Fried Rice,5,494.84,Sunny,0,0,234,144
1730,2024-04-17,Cake,13,425.64,Rainy,1,0,156,211
1731,2024-07-16,Cake,18,464.29,Hot,0,0,243,105
1732,2023-07-07,Coffee,3,131.31,Sunny,1,0,133,138
1733,2024-03-26,Tea,4,351.89,Rainy,0,1,200,55
1734,2023-05-29,Coffee,14,386.55,Rainy,0,1,195,234
1735,2024-10-12,Tea,4,69.36,Sunny,0,0,141,279
1736,2024-11-24,Wrap,18,182.09,Rainy,0,0,185,90
1737,2023-10-24,Juice,15,421.83,Hot,1,1,157,388
1738,2023-08-18,Coffee,19,213.65,Sunny,0,1,61,373
1739,2023-05-14,Salad,9,468.92,Sunny,1,0,214,170
1740,2024-02-11,Pasta,7,125.48,Sunny,0,0,128,202
1741,2023-02-04,Coffee,4,341.73,Hot,0,1,266,65
1742,2023-04-21,Burger,13,88.81,Sunny,1,0,295,272
1743,2023-08-17,Tacos,17,65.52,Rainy,0,1,275,494
1744,2024-03-26,Ice Cream,4,440.64,Hot,1,1,127,394
1745,2023-08-31,Juice,7,269.07,Rainy,1,1,207,218
1746,2023-08-01,Sandwich,18,449.76,Sunny,1,0,163,165
1747,2024-05-11,Tacos,10,220.68,Rainy,1,1,193,130
1748,2023-07-10,Fried Rice,6,58.58,Cloudy,1,1,178,116
1749,2023-06-05,Coffee,1,175.88,Sunny,1,0,190,102
1750,2023-06-19,Biryani,15,267.75,Cloudy,1,1,50,146
1751,2023-11-21,Wrap,3,321.21,Cloudy,0,0,216,60
1752,2024-10-17,Coffee,4,328.61,Rainy,1,0,45,474
1753,2023-08-10,Wrap,19,120.54,Sunny,1,1,289,180
1754,2024-06-01,Noodles,12,57.19,Rainy,0,1,247,258
1755,2023-05-15,Noodles,12,204.56,Hot,0,1,179,264
1756,2023-08-22,Burger,16,146.44,Cloudy,0,0,281,256
1757,2023-04-26,Fried Rice,4,263.47,Sunny,0,0,123,194
1758,2023-07-15,Cake,7,303.0,Hot,0,0,270,212
1759,2024-07-22,Wrap,16,347.14,Hot,0,1,65,85
1760,2024-08-16,Noodles,7,420.87,Hot,0,0,58,425
1761,2023-07-15,Juice,10,481.36,Cloudy,1,0,239,207
1762,2023-08-08,Pizza,16,236.03,Rainy,1,0,178,146
1763,2023-06-20,Biryani,16,315.93,Rainy,1,0,174,493
1764,2024-06-01,Ice Cream,12,447.03,Rainy,0,1,149,296
1765,2024-08-24,Sandwich,15,395.01,Cloudy,0,0,206,195
1766,2024-09-17,Ice Cream,19,64.98,Hot,1,1,283,343
1767,2023-05-27,Coffee,18,429.79,Hot,1,0,287,454
1768,2023-03-02,Ice Cream,10,162.44,Cloudy,0,0,243,419
1769,2024-08-21,Pizza,3,313.61,Sunny,0,0,153,289
1770,2024-12-06,Coffee,15,149.93,Hot,0,0,121,110
1771,2023-11-19,Pasta,15,195.0,Hot,0,1,199,455
1772,2023-03-27,Tea,11,312.04,Hot,0,1,109,332
1773,2024-10-05,Wrap,2,426.0,Sunny,1,1,167,146
1774,2024-05-09,Cake,12,402.61,Rainy,0,0,180,483
1775,2024-07-13,Pizza,17,152.87,Hot,1,0,121,288
1776,2023-05-05,Tea,10,231.02,Hot,0,1,112,428
1777,2024-03-08,Juice,19,451.63,Cloudy,0,0,120,426
1778,2024-08-20,Sandwich,5,306.22,Sunny,0,1,199,348
1779,2023-06-04,Tacos,11,473.05,Hot,0,0,198,183
1780,2024-02-29,Pasta,15,306.05,Rainy,1,1,298,245
1781,2024-04-05,Coffee,9,265.26,Hot,0,1,187,76
1782,2024-03-24,Fried Rice,16,98.03,Cloudy,0,0,97,484
1783,2024-11-05,Cake,19,103.03,Cloudy,0,1,190,172
1784,2024-06-19,Noodles,2,186.69,Cloudy,0,1,30,375
1785,2024-09-27,Salad,6,395.89,Rainy,1,0,146,272
1786,2023-12-04,Pasta,8,330.64,Sunny,1,0,170,370
1787,2024-05-18,Coffee,19,106.24,Cloudy,0,0,202,309
1788,2023-04-03,Fried Rice,4,283.09,Hot,0,0,299,373
1789,2023-08-13,Coffee,11,54.75,Sunny,1,1,298,219
1790,2024-05-25,Sandwich,9,295.81,Cloudy,1,1,172,129
1791,2023-11-21,Fried Rice,2,299.69,Rainy,0,0,140,170
1792,2024-08-07,Biryani,14,127.37,Sunny,0,0,34,439
1793,2024-05-06,Burger,15,387.0,Rainy,0,1,90,199
1794,2023-04-19,Biryani,16,238.81,Cloudy,0,1,236,481
1795,2024-11-16,Tea,2,132.07,Sunny,0,0,157,422
1796,2024-07-20,Juice,9,225.26,Sunny,0,1,118,132
1797,2023-11-28,Fried Rice,15,220.73,Rainy,1,0,135,287
1798,2024-02-29,Salad,8,305.54,Sunny,0,0,70,179
1799,2023-01-27,Salad,4,58.67,Hot,0,0,24,475
1800,2024-05-28,Cake,14,216.53,Hot,0,1,272,130
1801,2023-11-23,Juice,6,354.04,Cloudy,0,1,174,341
1802,2023-06-16,Noodles,15,391.67,Cloudy,0,0,177,492
1803,2024-12-17,Noodles,1,480.99,Hot,1,0,111,205
1804,2024-10-28,Juice,6,431.28,Hot,1,1,31,423
1805,2023-10-11,Coffee,5,76.58,Rainy,1,0,253,82
1806,2024-05-20,Cake,7,191.91,Sunny,1,1,109,439
1807,2023-04-30,Salad,16,287.31,Hot,0,0,261,474
1808,2023-03-21,Pasta,8,270.45,Rainy,0,1,108,98
1809,2023-07-31,Biryani,15,436.23,Hot,0,0,22,319
1810,2024-01-01,Salad,12,458.15,Cloudy,1,0,156,160
1811,2023-08-22,Ice Cream,10,95.28,Cloudy,0,0,78,94
1812,2024-03-14,Salad,4,75.27,Hot,0,0,168,442
1813,2023-03-03,Coffee,11,279.46,Hot,1,0,22,336
1814,2023-11-08,Pasta,14,270.8,Cloudy,0,0,43,304
1815,2023-04-30,Pasta,19,458.86,Rainy,1,0,46,412
1816,2024-05-29,Pasta,13,240.25,Cloudy,1,1,33,334
1817,2023-05-12,Wrap,14,236.8,Hot,1,0,42,399
1818,2024-02-18,Wrap,14,281.05,Hot,1,0,236,171
1819,2023-08-31,Ice Cream,14,322.63,Hot,0,1,201,452
1820,2024-10-21,Juice,2,233.67,Rainy,1,1,259,457
1821,2024-12-20,Pasta,14,494.3,Rainy,0,0,193,415
1822,2024-05-21,Coffee,12,443.92,Rainy,0,1,104,166
1823,2023-05-30,Juice,19,285.71,Cloudy,0,0,183,349
1824,2023-08-04,Ice Cream,17,55.62,Hot,0,1,153,177
1825,2023-10-03,Tacos,4,210.06,Hot,1,1,280,446
1826,2023-09-27,Coffee,10,229.24,Rainy,1,0,55,135
1827,2024-12-28,Coffee,1,286.28,Sunny,0,1,235,99
1828,2023-02-28,Noodles,14,103.83,Hot,1,1,63,100
1829,2024-11-26,Tea,1,142.51,Sunny,1,1,192,102
1830,2023-04-06,Ice Cream,10,199.37,Sunny,1,1,134,439
1831,2023-06-16,Noodles,11,272.78,Rainy,0,0,263,241
1832,2024-08-09,Ice Cream,8,484.65,Hot,1,1,104,280
1833,2023-10-23,Pizza,15,347.13,Rainy,1,0,144,156
1834,2023-06-04,Tacos,2,139.93,Sunny,1,1,245,61
1835,2023-03-15,Coffee,5,361.34,Rainy,0,1,28,454
1836,2023-01-29,Sandwich,14,365.12,Cloudy,1,1,222,468
1837,2023-08-18,Coffee,19,118.44,Cloudy,0,0,26,274
1838,2024-01-09,Biryani,10,210.03,Sunny,0,0,45,125
1839,2023-12-10,Pasta,1,237.27,Cloudy,1,0,262,464
1840,2023-10-24,Coffee,2,214.61,Cloudy,1,1,268,368
1841,2024-05-02,Fried Rice,18,279.47,Hot,1,1,132,72
1842,2023-10-31,Pasta,14,222.44,Sunny,0,1,32,275
1843,2024-01-13,Fried Rice,7,84.08,Rainy,1,1,153,313
1844,2024-06-27,Sandwich,6,187.86,Rainy,1,0,275,336
1845,2024-12-21,Pizza,17,340.06,Rainy,0,1,57,399
1846,2023-10-18,Ice Cream,5,291.26,Sunny,1,0,241,344
1847,2023-02-08,Coffee,14,395.19,Rainy,1,1,280,221
1848,2024-03-17,Juice,3,90.96,Sunny,0,1,209,108
1849,2024-04-05,Wrap,18,183.76,Hot,1,0,62,439
1850,2023-12-16,Pasta,9,75.23,Cloudy,1,0,24,331
1851,2024-05-16,Wrap,14,310.78,Rainy,0,1,142,343
1852,2024-01-14,Salad,17,326.73,Sunny,0,0,126,196
1853,2023-05-15,Coffee,4,435.06,Rainy,0,1,96,237
1854,2023-05-28,Tea,16,390.94,Cloudy,0,0,225,170
1855,2024-09-02,Fried Rice,8,121.85,Rainy,1,1,142,319
1856,2024-12-07,Juice,19,81.78,Sunny,0,0,187,477
1857,2023-05-11,Sandwich,15,160.29,Rainy,0,0,198,356
1858,2023-06-27,Coffee,6,244.67,Hot,1,1,133,167
1859,2024-08-20,Wrap,18,390.43,Cloudy,1,0,160,485
1860,2024-08-14,Fried Rice,8,457.65,Sunny,0,1,99,185
1861,2023-02-17,Juice,6,433.34,Sunny,1,1,128,265
1862,2024-04-28,Noodles,17,160.67,Cloudy,1,0,132,206
1863,2024-09-19,Noodles,3,443.43,Hot,0,0,141,165
1864,2024-11-08,Pizza,8,88.64,Sunny,0,0,72,432
1865,2024-06-03,Cake,7,305.46,Sunny,1,0,162,461
1866,2024-12-29,Fried Rice,5,408.31,Cloudy,0,0,248,333
1867,2024-11-09,Fried Rice,19,80.71,Sunny,0,1,213,310
1868,2023-12-16,Biryani,13,350.16,Rainy,0,1,137,292
1869,2024-08-26,Pizza,1,59.34,Cloudy,0,1,188,490
1870,2023-07-28,Fried Rice,11,53.94,Cloudy,1,1,296,304
1871,2023-09-03,Noodles,14,242.41,Cloudy,0,1,158,217
1872,2024-12-08,Ice Cream,11,191.75,Sunny,0,0,221,219
1873,2024-02-19,Salad,14,249.79,Cloudy,1,0,266,405
1874,2024-08-11,Wrap,17,89.88,Hot,0,0,276,121
1875,2024-06-20,Juice,12,426.63,Rainy,1,0,200,449
1876,2023-10-05,Biryani,4,381.14,Rainy,1,1,83,306
1877,2024-08-13,Noodles,10,184.27,Cloudy,0,1,180,439
1878,2024-07-24,Cake,9,316.36,Sunny,1,0,226,80
1879,2023-03-24,Biryani,4,139.91,Rainy,0,0,100,336
1880,2023-11-16,Tacos,13,239.73,Cloudy,1,0,227,188
1881,2024-12-09,Pasta,2,60.99,Rainy,1,1,298,481
1882,2024-04-24,Burger,19,335.74,Rainy,0,1,270,236
1883,2024-01-20,Sandwich,1,197.14,Cloudy,1,0,166,84
1884,2023-11-13,Noodles,18,300.52,Hot,1,0,77,229
1885,2024-01-24,Biryani,18,327.33,Hot,1,1,248,232
1886,2024-07-20,Coffee,6,333.66,Rainy,1,1,31,338
1887,2024-06-08,Juice,5,177.97,Hot,1,1,246,309
1888,2023-07-01,Pasta,3,405.03,Rainy,1,0,282,65
1889,2023-05-18,Burger,15,149.38,Rainy,1,1,201,169
1890,2023-09-09,Biryani,19,495.94,Cloudy,0,0,243,67
1891,2023-09-21,Biryani,18,301.06,Rainy,1,0,209,174
1892,2024-01-20,Juice,17,100.45,Hot,1,0,215,173
1893,2024-05-09,Sandwich,13,64.0,Cloudy,1,0,20,203
1894,2023-09-22,Cake,12,329.97,Hot,0,1,246,350
1895,2023-10-18,Burger,12,309.81,Cloudy,1,1,223,482
1896,2023-05-20,Juice,3,53.82,Cloudy,0,1,116,483
1897,2023-04-09,Noodles,18,186.53,Rainy,1,1,128,445
1898,2023-09-05,Wrap,16,466.13,Hot,0,1,55,235
1899,2023-08-09,Ice Cream,9,370.92,Sunny,1,1,204,58
1900,2024-05-23,Pasta,10,499.35,Hot,1,1,80,217
1901,2024-08-13,Sandwich,18,300.36,Cloudy,0,1,106,260
1902,2023-12-16,Wrap,13,128.17,Cloudy,0,0,269,170
1903,2024-01-13,Tea,5,441.31,Cloudy,1,1,256,337
1904,2023-05-26,Salad,17,243.32,Hot,0,0,289,132
1905,2024-01-31,Biryani,12,422.71,Rainy,0,1,50,265
1906,2024-02-27,Pizza,19,131.44,Cloudy,1,0,266,55
1907,2023-08-02,Cake,19,285.49,Sunny,1,0,203,427
1908,2024-02-10,Burger,16,320.17,Hot,0,1,183,497
1909,2023-02-05,Cake,10,57.94,Rainy,0,1,184,448
1910,2023-04-15,Coffee,5,441.78,Hot,0,1,72,336
1911,2024-08-13,Juice,11,416.78,Cloudy,0,0,168,488
1912,2024-10-13,Salad,14,397.03,Hot,1,0,249,467
1913,2024-01-26,Wrap,12,478.19,Cloudy,1,0,231,472
1914,2023-09-22,Fried Rice,16,54.38,Hot,1,0,273,202
1915,2024-01-13,Fried Rice,7,339.58,Rainy,1,1,164,446
1916,2024-11-14,Noodles,18,105.34,Hot,1,1,25,230
1917,2023-11-12,Tea,1,341.04,Sunny,1,1,218,333
1918,2023-05-02,Pasta,9,159.74,Cloudy,0,1,164,78
1919,2024-04-07,Salad,1,291.96,Rainy,1,1,203,322
1920,2023-02-27,Salad,9,387.18,Sunny,1,1,156,353
1921,2024-02-24,Coffee,19,336.82,Sunny,1,0,282,302
1922,2023-05-16,Tacos,16,200.39,Hot,0,1,56,467
1923,2024-04-24,Burger,3,170.13,Rainy,0,0,299,428
1924,2024-02-01,Tea,6,474.67,Cloudy,0,0,54,371
1925,2023-10-24,Salad,14,314.2,Sunny,0,0,56,413
1926,2024-09-02,Salad,19,96.18,Cloudy,0,0,93,470
1927,2023-05-12,Ice Cream,2,346.11,Rainy,1,1,276,498
1928,2023-02-21,Pasta,10,141.55,Sunny,0,0,80,118
1929,2023-01-02,Coffee,5,104.37,Sunny,1,1,101,167
1930,2023-07-09,Burger,10,52.85,Cloudy,0,0,129,470
1931,2023-01-15,Biryani,3,90.59,Sunny,0,0,224,252
1932,2024-04-06,Pizza,14,171.1,Rainy,1,1,185,351
1933,2023-03-16,Cake,3,491.09,Rainy,0,1,271,328
1934,2024-01-07,Salad,9,215.25,Rainy,1,1,115,330
1935,2024-05-05,Ice Cream,9,461.45,Sunny,1,0,238,446
1936,2023-09-25,Burger,14,293.38,Hot,0,1,163,427
1937,2024-04-15,Tea,18,138.67,Sunny,0,1,73,231
1938,2023-08-01,Cake,13,106.61,Cloudy,0,1,218,166
1939,2024-05-17,Fried Rice,9,456.55,Rainy,1,1,258,162
1940,2024-10-19,Biryani,1,310.2,Hot,1,1,61,179
1941,2024-04-05,Coffee,15,78.64,Cloudy,1,0,244,214
1942,2024-03-27,Cake,15,214.83,Sunny,0,0,75,468
1943,2023-05-22,Biryani,11,480.9,Sunny,0,0,245,114
1944,2024-05-20,Fried Rice,14,440.99,Sunny,1,1,243,428
1945,2024-11-30,Juice,7,391.54,Hot,1,1,106,179
1946,2024-12-13,Fried Rice,10,86.97,Hot,0,0,219,327
1947,2023-02-02,Noodles,5,449.21,Sunny,1,0,35,219
1948,2023-07-14,Salad,11,428.21,Rainy,1,1,224,132
1949,2023-01-28,Wrap,14,325.13,Rainy,1,1,106,282
1950,2023-04-04,Cake,14,143.0,Rainy,1,0,272,187
1951,2023-07-25,Coffee,15,357.69,Cloudy,1,0,175,135
1952,2023-05-14,Salad,11,264.47,Hot,1,1,256,153
1953,2024-04-10,Coffee,10,324.66,Sunny,1,0,244,454
1954,2024-01-05,Pizza,16,310.72,Rainy,1,1,83,116
1955,2023-08-13,Noodles,5,351.41,Sunny,1,0,219,387
1956,2024-11-26,Ice Cream,6,156.17,Hot,0,1,122,405
1957,2023-03-19,Burger,2,110.27,Hot,1,1,150,198
1958,2024-06-17,Cake,8,120.54,Hot,1,1,180,464
1959,2024-09-09,Tea,8,379.9,Cloudy,1,1,248,403
1960,2023-01-19,Pasta,2,361.18,Cloudy,1,1,289,403
1961,2024-07-11,Burger,4,298.12,Rainy,0,0,250,166
1962,2023-12-15,Burger,18,56.29,Hot,1,1,289,195
1963,2023-12-06,Juice,6,278.63,Rainy,1,1,120,258
1964,2023-06-02,Juice,11,200.73,Rainy,1,1,273,150
1965,2024-12-03,Coffee,3,338.44,Rainy,0,0,209,177
1966,2024-02-11,Salad,15,171.58,Sunny,1,1,284,189
1967,2024-11-30,Fried Rice,15,84.52,Hot,1,0,31,162
1968,2024-09-16,Pasta,12,466.86,Rainy,0,1,274,150
1969,2024-06-08,Pizza,6,172.21,Rainy,1,0,167,376
1970,2024-05-15,Biryani,14,121.65,Rainy,1,0,244,117
1971,2023-11-11,Juice,15,238.67,Sunny,1,0,261,173
1972,2023-01-01,Biryani,6,317.64,Sunny,1,1,71,373
1973,2024-02-29,Ice Cream,5,276.99,Sunny,1,1,275,490
1974,2024-12-29,Wrap,2,288.39,Cloudy,1,1,133,316
1975,2024-04-25,Pasta,8,289.6,Cloudy,1,1,258,184
1976,2023-12-30,Sandwich,5,146.73,Hot,0,1,40,111
1977,2023-10-31,Juice,5,206.67,Hot,0,1,222,465
1978,2024-01-06,Tea,18,73.33,Cloudy,1,0,199,312
1979,2024-05-21,Ice Cream,5,99.14,Rainy,1,1,284,360
1980,2024-03-06,Sandwich,12,302.98,Cloudy,1,0,190,428
1981,2023-10-05,Salad,7,77.6,Cloudy,0,1,284,306
1982,2023-06-10,Cake,19,151.0,Cloudy,0,0,255,414
1983,2023-05-26,Fried Rice,9,404.13,Sunny,1,1,294,135
1984,2024-12-10,Fried Rice,14,154.82,Hot,1,0,53,100
1985,2024-04-15,Pasta,7,366.29,Rainy,0,0,181,262
1986,2023-04-27,Pizza,13,417.0,Sunny,1,1,197,222
1987,2023-06-07,Fried Rice,9,333.96,Cloudy,1,0,46,344
1988,2023-03-03,Sandwich,9,196.82,Hot,1,0,114,80
1989,2024-12-09,Juice,9,482.85,Sunny,1,1,218,441
1990,2024-10-07,Fried Rice,5,441.57,Hot,1,1,77,235
1991,2024-02-29,Coffee,1,67.98,Rainy,0,0,221,60
1992,2024-10-11,Salad,6,50.01,Rainy,0,0,228,92
1993,2024-07-23,Pizza,8,51.64,Rainy,1,0,222,211
1994,2024-02-22,Fried Rice,1,306.22,Cloudy,1,1,128,74
1995,2024-05-02,Juice,15,477.21,Rainy,0,1,245,186
1996,2024-11-28,Burger,8,122.96,Rainy,0,0,40,156
1997,2023-12-29,Ice Cream,17,191.41,Hot,1,1,263,378
1998,2024-08-21,Wrap,1,320.43,Rainy,0,1,149,199
1999,2023-06-07,Tea,5,199.74,Sunny,0,1,279,305
2000,2024-09-05,Pizza,10,343.14,Cloudy,0,0,120,95
2001,2023-11-17,Sandwich,12,209.21,Rainy,0,1,281,472
2002,2024-09-03,Wrap,15,256.2,Sunny,0,1,261,149
2003,2024-08-27,Salad,11,187.41,Hot,1,1,295,51
2004,2023-03-01,Salad,6,281.91,Sunny,1,0,174,401
2005,2023-12-15,Coffee,14,138.69,Cloudy,1,1,47,376
2006,2023-01-02,Tacos,5,239.96,Hot,1,0,235,355
2007,2024-08-12,Burger,3,205.16,Sunny,1,1,95,422
2008,2023-11-09,Tea,5,297.36,Cloudy,1,0,201,142
2009,2023-11-08,Biryani,19,154.52,Cloudy,1,1,82,140
2010,2024-04-20,Juice,12,318.03,Rainy,1,0,235,341
2011,2024-08-24,Cake,6,295.02,Cloudy,1,0,249,295
2012,2024-12-28,Juice,2,417.47,Hot,0,0,194,135
2013,2024-05-06,Pizza,6,328.72,Sunny,0,0,80,69
2014,2024-05-10,Coffee,2,77.87,Rainy,1,1,65,336
2015,2023-12-22,Ice Cream,1,243.68,Sunny,1,1,213,113
2016,2023-01-06,Pizza,19,358.07,Hot,0,0,26,124
2017,2024-04-12,Cake,7,385.97,Rainy,0,0,266,282
2018,2024-12-05,Tea,5,293.93,Sunny,0,0,124,332
2019,2024-03-09,Tea,16,193.73,Sunny,0,0,255,344
2020,2023-11-18,Sandwich,4,277.64,Cloudy,1,1,182,91
2021,2023-02-02,Cake,16,309.49,Sunny,1,1,177,247
2022,2023-07-15,Wrap,11,196.14,Rainy,1,0,238,187
2023,2024-05-11,Cake,10,371.11,Sunny,1,0,231,223
2024,2023-03-31,Biryani,6,158.85,Rainy,0,0,107,418
2025,2024-10-25,Tacos,16,290.78,Cloudy,1,1,90,92
2026,2023-01-07,Pasta,4,304.71,Hot,0,0,145,164
2027,2024-01-02,Pasta,7,403.67,Rainy,0,1,61,121
2028,2023-09-30,Noodles,13,304.84,Cloudy,0,1,148,191
2029,2023-01-10,Juice,10,248.76,Cloudy,1,0,77,208
2030,2023-01-17,Cake,13,73.17,Cloudy,0,1,247,267
2031,2024-12-02,Sandwich,8,242.79,Hot,0,0,299,220
2032,2024-05-04,Burger,13,137.96,Hot,0,0,233,52
2033,2023-09-08,Coffee,14,379.4,Cloudy,1,1,71,50
2034,2023-09-04,Biryani,16,60.66,Sunny,0,0,192,420
2035,2024-11-10,Fried Rice,16,169.27,Rainy,0,1,178,144
2036,2024-05-14,Fried Rice,15,212.75,Sunny,1,0,221,291
2037,2023-06-23,Cake,13,304.39,Sunny,0,1,164,419
2038,2024-07-01,Burger,9,371.02,Hot,1,0,217,147
2039,2024-09-08,Juice,15,138.1,Hot,1,0,294,467
2040,2024-08-19,Pasta,19,243.31,Cloudy,0,1,79,300
2041,2023-03-22,Noodles,9,440.35,Cloudy,1,0,208,326
2042,2023-12-07,Ice Cream,16,278.52,Cloudy,1,0,111,309
2043,2024-01-19,Tacos,7,181.6,Sunny,0,0,268,378
2044,2023-11-15,Coffee,17,370.03,Hot,0,0,295,382
2045,2024-09-16,Ice Cream,3,98.22,Sunny,1,0,149,385
2046,2024-02-22,Wrap,9,313.01,Sunny,0,0,182,52
2047,2023-02-03,Biryani,16,319.47,Sunny,0,1,84,244
2048,2023-11-18,Pasta,19,92.4,Cloudy,1,0,271,165
2049,2024-11-25,Cake,16,399.48,Hot,0,0,232,78
2050,2023-03-05,Fried Rice,10,111.91,Cloudy,1,1,248,373
2051,2024-04-21,Juice,15,227.46,Hot,1,0,56,329
2052,2023-09-11,Fried Rice,12,98.0,Hot,0,0,279,104
2053,2023-09-25,Coffee,6,295.65,Sunny,0,0,212,60
2054,2023-10-09,Noodles,10,109.2,Hot,0,0,273,50
2055,2023-08-03,Pizza,18,190.05,Sunny,1,1,70,317
2056,2023-01-28,Cake,9,183.33,Rainy,0,1,77,176
2057,2024-12-02,Biryani,18,332.7,Rainy,0,1,41,345
2058,2023-03-05,Pizza,17,373.2,Hot,0,0,183,403
2059,2024-01-17,Pasta,15,488.38,Hot,0,0,294,60
2060,2023-05-07,Wrap,10,107.15,Sunny,1,0,175,199
2061,2024-05-09,Burger,18,291.42,Sunny,0,1,83,222
2062,2023-10-29,Ice Cream,1,173.95,Rainy,1,1,151,444
2063,2024-11-22,Ice Cream,1,261.54,Cloudy,1,0,261,433
2064,2023-10-02,Fried Rice,14,93.93,Sunny,0,1,69,462
2065,2023-12-12,Ice Cream,7,258.76,Cloudy,0,1,199,373
2066,2023-08-15,Juice,10,117.45,Rainy,0,0,96,397
2067,2024-04-15,Burger,19,460.94,Sunny,0,1,213,324
2068,2024-03-10,Ice Cream,14,339.39,Cloudy,1,0,250,315
2069,2023-03-06,Pasta,14,390.75,Sunny,0,1,45,472
2070,2024-12-02,Wrap,13,332.64,Hot,1,0,50,473
2071,2023-11-04,Burger,9,67.62,Sunny,0,1,289,163
2072,2023-06-12,Biryani,7,275.91,Cloudy,1,1,81,441
2073,2024-10-22,Tea,6,454.69,Hot,1,1,87,377
2074,2024-08-18,Cake,18,183.52,Rainy,1,0,263,316
2075,2024-05-30,Fried Rice,12,81.64,Rainy,1,1,137,222
2076,2024-03-14,Cake,2,277.11,Rainy,0,0,111,55
2077,2023-03-10,Burger,12,160.55,Hot,1,1,220,391
2078,2023-03-30,Pasta,19,147.0,Rainy,0,1,252,250
2079,2024-08-31,Fried Rice,12,379.33,Cloudy,1,0,57,73
2080,2023-08-15,Cake,3,462.73,Sunny,1,0,34,426
2081,2023-02-20,Fried Rice,10,460.95,Sunny,0,0,181,134
2082,2023-07-31,Wrap,4,389.52,Sunny,1,1,181,78
2083,2024-02-17,Salad,11,486.53,Rainy,1,1,26,277
2084,2023-03-10,Coffee,14,474.3,Cloudy,1,0,243,363
2085,2024-07-20,Sandwich,15,398.74,Rainy,1,1,181,431
2086,2024-01-08,Cake,4,461.29,Cloudy,1,0,157,366
2087,2023-11-24,Pasta,7,495.42,Hot,1,0,68,141
2088,2023-05-21,Tea,13,200.34,Sunny,0,0,251,214
2089,2023-06-30,Coffee,9,102.09,Sunny,0,1,244,417
2090,2023-07-12,Tacos,9,130.71,Rainy,1,1,247,185
2091,2024-11-07,Sandwich,13,88.0,Sunny,1,1,146,448
2092,2024-10-22,Sandwich,7,359.72,Cloudy,1,0,182,209
2093,2023-09-19,Wrap,14,206.53,Sunny,1,1,169,193
2094,2024-04-30,Pasta,11,308.08,Rainy,1,1,285,79
2095,2023-03-27,Pasta,16,494.3,Sunny,1,0,46,79
2096,2023-04-29,Wrap,16,54.82,Hot,1,0,48,123
2097,2023-07-06,Tacos,18,217.04,Rainy,0,1,135,59
2098,2023-05-29,Juice,17,241.93,Cloudy,0,1,60,53
2099,2024-03-31,Fried Rice,5,474.5,Sunny,1,1,21,224
2100,2024-05-30,Tea,4,300.23,Cloudy,0,1,228,232
2101,2023-11-19,Tacos,4,283.3,Cloudy,1,0,191,394
2102,2023-03-22,Wrap,17,142.7,Rainy,1,1,146,93
2103,2023-02-24,Pizza,15,299.28,Sunny,0,1,282,200
2104,2024-11-27,Fried Rice,15,153.62,Cloudy,0,0,231,363
2105,2023-03-14,Burger,6,237.16,Sunny,0,1,40,163
2106,2024-08-26,Coffee,12,272.21,Rainy,1,0,57,51
2107,2023-02-26,Ice Cream,14,427.42,Sunny,0,0,233,125
2108,2023-02-07,Pizza,2,248.36,Rainy,0,1,120,91
2109,2024-07-15,Tea,16,229.9,Sunny,0,1,184,342
2110,2024-09-16,Tacos,8,488.53,Cloudy,0,1,102,54
2111,2023-11-17,Noodles,2,448.77,Cloudy,0,0,198,348
2112,2023-02-14,Cake,2,68.72,Sunny,0,1,38,495
2113,2023-07-11,Cake,7,334.42,Rainy,0,0,231,339
2114,2024-05-04,Noodles,18,480.43,Cloudy,0,0,219,487
2115,2024-11-16,Burger,10,420.31,Rainy,0,0,37,440
2116,2024-01-25,Tea,16,322.76,Cloudy,0,0,122,339
2117,2023-09-13,Sandwich,18,475.01,Sunny,0,0,93,111
2118,2024-03-20,Pasta,18,60.65,Cloudy,0,1,99,126
2119,2024-12-07,Salad,2,114.37,Hot,1,1,120,131
2120,2024-04-17,Tea,10,60.78,Hot,0,0,238,383
2121,2024-05-17,Fried Rice,11,157.69,Hot,1,0,176,225
2122,2024-02-11,Salad,2,411.28,Hot,0,1,180,435
2123,2023-04-19,Juice,5,222.66,Cloudy,1,0,225,326
2124,2023-11-07,Tea,14,339.91,Rainy,1,0,58,92
2125,2023-08-17,Tacos,9,63.75,Cloudy,1,1,163,290
2126,2023-10-03,Salad,7,317.89,Cloudy,0,0,199,302
2127,2023-08-23,Ice Cream,8,74.07,Cloudy,1,1,158,174
2128,2024-09-28,Pasta,11,392.07,Cloudy,1,1,283,172
2129,2023-09-09,Tacos,9,108.51,Hot,0,0,191,395
2130,2024-12-24,Noodles,11,70.9,Sunny,1,1,200,342
2131,2024-11-01,Sandwich,1,319.92,Hot,0,1,212,51
2132,2023-02-21,Wrap,10,287.9,Rainy,1,1,239,394
2133,2024-11-02,Ice Cream,19,281.46,Sunny,1,0,160,109
2134,2023-10-20,Fried Rice,18,449.09,Hot,0,0,238,86
2135,2024-10-02,Juice,18,171.0,Sunny,1,1,183,287
2136,2024-03-12,Noodles,16,396.24,Rainy,1,1,75,104
2137,2023-10-07,Pasta,3,345.46,Sunny,1,1,44,140
2138,2023-09-12,Biryani,2,369.27,Rainy,1,1,183,459
2139,2023-07-21,Tacos,7,296.08,Hot,1,1,193,135
2140,2024-01-05,Coffee,15,311.93,Hot,0,1,28,300
2141,2023-05-01,Tea,2,184.44,Sunny,0,1,74,205
2142,2024-11-20,Cake,1,487.94,Hot,1,0,50,418
2143,2023-05-17,Tea,19,253.42,Cloudy,0,1,79,343
2144,2024-06-05,Salad,11,342.08,Hot,1,0,238,154
2145,2023-05-13,Ice Cream,6,364.13,Cloudy,0,0,244,399
2146,2023-04-02,Pasta,12,96.05,Hot,0,1,84,206
2147,2024-10-28,Noodles,11,483.64,Rainy,1,0,279,407
2148,2023-02-21,Biryani,12,269.87,Cloudy,0,1,234,251
2149,2023-05-13,Juice,1,386.69,Sunny,0,0,131,383
2150,2024-11-06,Cake,3,60.27,Rainy,1,1,122,243
2151,2024-07-01,Biryani,2,162.26,Rainy,0,1,51,276
2152,2023-03-12,Noodles,17,55.41,Cloudy,0,0,111,181
2153,2024-10-17,Ice Cream,4,426.92,Hot,1,1,43,273
2154,2024-11-30,Juice,8,114.13,Sunny,1,1,174,105
2155,2023-10-24,Pasta,15,437.86,Rainy,0,0,290,443
2156,2024-09-26,Ice Cream,12,227.41,Cloudy,0,0,254,316
2157,2023-10-24,Wrap,3,118.36,Hot,1,1,295,170
2158,2023-03-15,Salad,17,182.68,Rainy,1,1,196,285
2159,2023-07-25,Coffee,16,59.67,Hot,0,1,236,207
2160,2023-11-18,Ice Cream,7,365.84,Rainy,1,1,277,202
2161,2023-10-21,Pizza,18,410.97,Hot,1,1,104,259
2162,2023-06-17,Ice Cream,8,489.17,Cloudy,0,1,294,298
2163,2023-12-28,Pasta,8,196.32,Hot,0,1,41,78
2164,2024-06-24,Biryani,5,267.35,Sunny,1,1,154,128
2165,2023-01-06,Ice Cream,18,336.79,Rainy,0,1,273,235
2166,2023-11-01,Salad,1,254.78,Rainy,1,1,63,391
2167,2023-07-08,Ice Cream,5,138.95,Cloudy,0,0,23,239
2168,2024-07-17,Cake,6,85.78,Rainy,1,1,231,475
2169,2024-09-14,Sandwich,19,187.98,Sunny,1,0,169,460
2170,2023-03-31,Pasta,15,490.08,Cloudy,1,1,23,118
2171,2024-10-09,Cake,5,388.74,Hot,1,0,218,101
2172,2023-03-10,Juice,8,307.74,Cloudy,0,1,134,182
2173,2024-05-21,Noodles,8,347.54,Sunny,1,0,297,383
2174,2024-07-05,Pasta,2,364.39,Cloudy,0,0,167,411
2175,2024-02-05,Cake,13,147.01,Hot,1,1,233,90
2176,2023-12-01,Juice,14,331.73,Cloudy,1,0,80,414
2177,2023-09-15,Pasta,18,85.77,Rainy,0,0,169,473
2178,2023-06-27,Ice Cream,18,447.1,Rainy,0,1,115,133
2179,2024-11-14,Sandwich,11,271.38,Rainy,1,0,278,268
2180,2024-01-04,Pasta,2,58.48,Rainy,1,1,152,229
2181,2024-12-03,Cake,15,270.24,Hot,1,0,238,360
2182,2024-12-30,Pasta,3,191.0,Rainy,0,1,35,186
2183,2024-04-19,Tea,3,165.97,Hot,0,1,218,399
2184,2024-07-05,Burger,19,353.4,Rainy,1,0,120,154
2185,2024-04-24,Burger,10,402.93,Cloudy,0,0,277,101
2186,2024-12-20,Burger,2,386.95,Sunny,0,1,186,393
2187,2024-06-17,Salad,8,238.6,Cloudy,1,0,48,329
2188,2023-03-26,Burger,4,313.86,Hot,0,1,256,428
2189,2023-08-20,Fried Rice,10,486.24,Cloudy,1,1,274,60
2190,2024-12-21,Pasta,9,288.56,Sunny,0,0,150,273
2191,2023-01-24,Coffee,12,321.8,Sunny,0,1,252,260
2192,2023-06-29,Fried Rice,18,373.17,Rainy,0,1,64,243
2193,2024-08-04,Biryani,17,366.38,Sunny,0,1,196,145
2194,2024-11-27,Tea,2,455.35,Sunny,1,0,168,378
2195,2023-12-02,Tacos,7,219.94,Sunny,0,0,111,364
2196,2023-11-30,Burger,6,194.16,Cloudy,1,0,81,174
2197,2023-11-09,Fried Rice,17,250.4,Rainy,1,0,228,376
2198,2024-09-15,Biryani,9,280.34,Cloudy,1,0,72,214
2199,2023-05-21,Pasta,4,352.2,Hot,0,1,241,185
2200,2023-10-27,Tea,19,400.58,Hot,0,0,218,136
2201,2023-11-11,Pizza,9,232.28,Hot,1,0,26,466
2202,2024-10-22,Fried Rice,19,478.25,Sunny,1,1,195,135
2203,2024-02-17,Coffee,6,251.7,Rainy,1,1,168,109
2204,2023-11-20,Coffee,15,56.74,Rainy,1,1,200,114
2205,2024-08-14,Sandwich,4,196.92,Hot,0,1,234,176
2206,2023-03-16,Ice Cream,2,470.19,Cloudy,0,0,217,483
2207,2024-06-24,Coffee,1,398.99,Sunny,0,0,173,398
2208,2023-02-28,Ice Cream,15,117.52,Hot,0,1,78,436
2209,2023-05-09,Tacos,17,183.92,Sunny,1,1,234,340
2210,2023-04-23,Wrap,12,420.64,Hot,0,0,34,477
2211,2023-05-31,Pasta,16,277.29,Rainy,0,0,235,66
2212,2024-04-08,Burger,16,344.14,Rainy,1,0,228,258
2213,2023-04-04,Salad,6,254.86,Cloudy,1,0,144,251
2214,2023-03-10,Tacos,3,236.91,Sunny,0,1,64,71
2215,2023-03-17,Coffee,13,356.67,Hot,0,0,131,144
2216,2024-02-10,Juice,19,448.65,Rainy,0,0,50,333
2217,2024-05-22,Cake,16,259.3,Hot,1,0,57,122
2218,2023-08-31,Fried Rice,17,446.55,Cloudy,0,0,224,375
2219,2023-03-18,Burger,17,484.32,Rainy,1,0,232,399
2220,2023-07-31,Noodles,1,58.9,Cloudy,1,0,86,260
2221,2024-01-16,Wrap,9,371.92,Rainy,0,1,94,95
2222,2023-10-06,Coffee,12,108.34,Rainy,1,1,31,232
2223,2024-11-22,Noodles,6,252.19,Cloudy,1,1,149,346
2224,2023-04-08,Wrap,11,206.93,Sunny,0,1,172,270
2225,2023-12-15,Pasta,15,384.04,Sunny,0,0,299,233
2226,2024-06-04,Salad,4,457.76,Hot,0,0,98,162
2227,2024-12-29,Tacos,7,167.34,Rainy,1,0,74,108
2228,2023-03-25,Salad,2,240.91,Rainy,0,0,150,411
2229,2023-02-22,Tea,1,418.71,Rainy,0,1,22,485
2230,2024-10-07,Ice Cream,6,70.21,Hot,1,1,221,209
2231,2023-06-30,Coffee,7,478.91,Sunny,0,0,35,322
2232,2024-11-23,Fried Rice,12,283.44,Hot,0,0,28,260
2233,2023-03-09,Tea,11,450.82,Cloudy,1,1,147,189
2234,2023-12-11,Wrap,9,297.62,Hot,1,1,88,163
2235,2024-09-17,Tea,13,255.24,Rainy,1,0,49,184
2236,2024-12-28,Fried Rice,19,281.43,Rainy,1,0,131,240
2237,2024-06-29,Noodles,19,175.12,Hot,0,1,64,445
2238,2024-12-19,Tacos,13,460.08,Cloudy,1,1,248,57
2239,2023-09-06,Biryani,19,115.54,Hot,0,0,168,369
2240,2023-02-15,Fried Rice,1,213.61,Hot,0,1,262,66
2241,2024-07-28,Wrap,7,490.9,Rainy,1,0,256,72
2242,2024-12-18,Noodles,2,132.8,Rainy,0,1,173,310
2243,2023-03-04,Pizza,17,389.65,Rainy,1,0,64,430
2244,2023-07-04,Cake,13,195.09,Hot,0,0,260,309
2245,2023-03-08,Noodles,12,402.66,Sunny,0,1,201,412
2246,2024-04-28,Fried Rice,4,317.38,Sunny,0,0,294,165
2247,2024-04-29,Tea,13,220.28,Rainy,1,0,258,369
2248,2023-01-23,Pizza,18,394.16,Hot,0,1,197,379
2249,2024-03-07,Sandwich,3,104.34,Sunny,1,1,277,99
2250,2023-05-04,Noodles,9,367.74,Cloudy,1,1,224,208
2251,2024-03-17,Pasta,11,401.25,Cloudy,1,0,125,238
2252,2024-07-23,Noodles,16,406.46,Cloudy,1,0,87,273
2253,2024-11-02,Juice,14,53.6,Cloudy,0,1,119,68
2254,2024-11-30,Tea,10,476.1,Cloudy,1,1,195,139
2255,2023-07-10,Cake,4,172.35,Hot,0,0,56,60
2256,2024-09-27,Cake,3,474.03,Rainy,0,0,32,172
2257,2024-04-06,Pizza,6,60.26,Rainy,1,0,247,263
2258,2023-05-24,Coffee,3,226.57,Cloudy,1,0,299,215
2259,2023-03-13,Pasta,15,345.87,Hot,0,0,61,332
2260,2024-08-23,Cake,6,452.13,Cloudy,0,1,88,181
2261,2023-12-29,Coffee,4,336.93,Hot,1,1,166,437
2262,2024-12-30,Burger,10,82.77,Rainy,1,1,261,371
2263,2024-01-17,Juice,19,229.57,Sunny,1,1,297,382
2264,2024-04-20,Ice Cream,17,96.15,Cloudy,1,0,207,349
2265,2024-07-14,Pasta,7,261.3,Cloudy,1,1,144,272
2266,2024-05-01,Juice,1,373.88,Hot,0,1,26,75
2267,2024-06-23,Pasta,4,230.79,Sunny,1,0,279,495
2268,2024-09-17,Biryani,10,129.24,Hot,0,0,249,110
2269,2024-03-29,Cake,2,361.73,Cloudy,1,1,175,259
2270,2024-10-02,Pasta,10,390.42,Rainy,1,0,74,453
2271,2024-10-24,Pizza,9,231.23,Sunny,0,0,81,90
2272,2024-08-02,Biryani,4,159.02,Cloudy,0,0,147,405
2273,2023-06-04,Cake,14,107.39,Cloudy,0,1,63,169
2274,2024-03-27,Ice Cream,1,379.3,Cloudy,0,1,289,78
2275,2024-06-12,Wrap,17,219.16,Cloudy,0,1,255,87
2276,2023-08-27,Wrap,15,371.13,Cloudy,1,0,32,243
2277,2024-01-19,Cake,5,478.95,Sunny,0,1,136,498
2278,2024-11-08,Ice Cream,10,90.01,Sunny,0,1,187,384
2279,2023-05-17,Sandwich,10,272.13,Cloudy,1,1,118,227
2280,2024-03-30,Fried Rice,3,384.75,Cloudy,1,0,273,200
2281,2023-07-03,Ice Cream,17,277.08,Hot,1,0,223,197
2282,2024-02-10,Noodles,13,462.16,Rainy,0,0,221,411
2283,2023-08-07,Biryani,11,203.58,Hot,0,0,100,198
2284,2023-02-04,Tacos,1,168.9,Cloudy,0,1,284,412
2285,2024-12-09,Burger,13,388.76,Sunny,0,1,45,51
2286,2024-06-11,Noodles,2,349.49,Cloudy,0,0,284,241
2287,2024-11-13,Ice Cream,15,88.52,Sunny,0,1,36,235
2288,2024-06-12,Pasta,18,267.17,Rainy,1,0,100,226
2289,2023-12-08,Fried Rice,7,339.76,Cloudy,1,0,141,237
2290,2024-07-11,Sandwich,4,226.21,Rainy,0,0,111,122
2291,2024-06-18,Noodles,8,397.02,Rainy,1,0,281,225
2292,2023-06-08,Biryani,10,195.15,Sunny,0,1,229,176
2293,2024-02-16,Cake,6,424.15,Cloudy,0,0,204,297
2294,2023-02-06,Coffee,4,335.15,Cloudy,0,0,95,324
2295,2024-06-09,Cake,7,51.79,Sunny,0,1,36,306
2296,2023-07-29,Ice Cream,7,359.38,Hot,0,1,45,107
2297,2023-09-24,Coffee,3,452.13,Rainy,0,0,178,459
2298,2024-05-24,Tacos,1,336.37,Sunny,0,0,224,166
2299,2024-04-02,Juice,3,273.7,Hot,1,1,69,107
2300,2024-06-04,Pizza,18,453.71,Rainy,1,1,47,441
2301,2023-05-24,Coffee,16,136.3,Hot,1,0,181,128
2302,2023-05-18,Ice Cream,2,98.57,Hot,0,0,24,401
2303,2023-02-28,Sandwich,12,429.17,Rainy,0,0,289,419
2304,2024-12-28,Biryani,1,352.85,Hot,1,0,67,283
2305,2023-07-13,Wrap,6,145.64,Sunny,0,0,92,309
2306,2024-05-18,Burger,2,145.44,Sunny,1,1,158,300
2307,2023-12-31,Cake,19,121.78,Rainy,1,0,159,362
2308,2024-08-17,Cake,6,53.69,Rainy,1,0,264,382
2309,2024-05-04,Sandwich,5,335.09,Sunny,1,1,163,173
2310,2024-05-06,Pasta,2,262.43,Sunny,0,1,279,319
2311,2023-02-09,Cake,18,290.05,Cloudy,0,1,79,277
2312,2023-01-09,Pasta,7,359.74,Hot,1,0,78,223
2313,2023-03-02,Wrap,3,341.32,Sunny,0,1,150,372
2314,2024-04-22,Fried Rice,19,106.7,Hot,0,1,51,212
2315,2023-01-01,Wrap,10,119.54,Rainy,1,1,23,110
2316,2024-12-17,Burger,15,439.08,Rainy,0,0,251,360
2317,2024-08-02,Tea,4,415.01,Sunny,0,0,71,332
2318,2024-10-25,Noodles,5,498.75,Cloudy,0,1,61,179
2319,2023-03-10,Coffee,12,405.26,Sunny,1,1,236,399
2320,2023-11-27,Juice,10,468.56,Cloudy,0,0,69,198
2321,2024-02-06,Pasta,5,51.37,Rainy,1,1,297,287
2322,2024-02-12,Ice Cream,6,108.69,Sunny,1,0,40,366
2323,2024-05-10,Biryani,18,484.26,Hot,1,0,120,241
2324,2023-04-10,Pasta,8,299.49,Cloudy,0,0,162,308
2325,2023-04-21,Sandwich,5,446.51,Cloudy,1,1,28,84
2326,2024-11-19,Ice Cream,7,499.66,Sunny,1,0,256,151
2327,2023-04-02,Tea,7,180.35,Cloudy,1,1,86,288
2328,2023-11-11,Salad,6,338.44,Rainy,0,1,180,142
2329,2023-02-02,Sandwich,18,434.18,Hot,1,0,120,283
2330,2023-04-02,Pizza,9,319.96,Hot,1,0,36,248
2331,2024-11-12,Pizza,5,85.54,Rainy,1,0,31,267
2332,2024-10-28,Tea,9,143.32,Sunny,1,1,116,377
2333,2024-05-09,Coffee,5,298.61,Sunny,0,0,71,84
2334,2024-01-07,Pizza,5,253.53,Hot,1,0,175,235
2335,2024-07-02,Coffee,15,125.92,Cloudy,0,1,210,374
2336,2023-12-21,Fried Rice,6,266.13,Rainy,1,1,253,372
2337,2024-06-12,Coffee,15,472.22,Hot,1,0,245,168
2338,2024-12-04,Ice Cream,18,494.34,Sunny,0,0,198,295
2339,2023-09-27,Tacos,17,351.81,Cloudy,1,1,196,164
2340,2023-03-07,Fried Rice,8,433.67,Sunny,1,0,204,201
2341,2023-06-17,Coffee,1,322.91,Rainy,1,1,71,407
2342,2024-03-17,Wrap,15,94.56,Rainy,0,1,203,333
2343,2023-10-17,Pizza,17,192.65,Cloudy,0,0,269,361
2344,2024-02-10,Juice,16,264.14,Hot,0,0,297,182
2345,2023-08-10,Noodles,7,414.29,Sunny,1,0,220,486
2346,2023-12-21,Tea,4,370.38,Hot,0,1,289,136
2347,2023-12-21,Noodles,17,470.07,Sunny,1,0,190,322
2348,2024-12-04,Coffee,4,435.34,Rainy,0,0,99,305
2349,2023-09-12,Pizza,2,99.32,Hot,0,0,131,121
2350,2023-11-22,Biryani,14,458.68,Rainy,1,1,240,333
2351,2023-03-12,Sandwich,16,238.59,Sunny,0,0,150,325
2352,2023-02-13,Ice Cream,6,371.73,Rainy,0,0,53,425
2353,2024-06-28,Ice Cream,11,409.54,Cloudy,0,1,38,441
2354,2024-01-30,Sandwich,2,452.03,Hot,1,1,297,216
2355,2023-02-23,Salad,3,454.81,Rainy,0,1,164,99
2356,2023-01-28,Salad,19,89.96,Sunny,1,0,135,179
2357,2023-01-19,Coffee,14,271.64,Cloudy,0,1,160,382
2358,2024-07-19,Tacos,16,215.29,Rainy,1,0,120,130
2359,2024-10-26,Pasta,16,295.75,Hot,1,1,155,295
2360,2023-08-15,Coffee,1,309.28,Cloudy,0,0,169,314
2361,2024-03-12,Pizza,4,338.5,Cloudy,1,1,106,100
2362,2024-02-15,Tacos,1,403.0,Cloudy,0,1,232,324
2363,2023-11-26,Juice,5,107.38,Sunny,0,1,100,139
2364,2024-02-07,Ice Cream,11,450.68,Rainy,1,0,214,455
2365,2024-07-14,Fried Rice,7,346.79,Sunny,1,0,201,239
2366,2024-01-07,Biryani,15,416.53,Cloudy,1,0,83,157
2367,2023-08-19,Burger,12,99.21,Sunny,0,1,197,375
2368,2024-10-10,Juice,15,393.83,Hot,1,0,37,476
2369,2023-08-02,Burger,18,178.06,Rainy,0,1,204,329
2370,2024-09-20,Biryani,10,54.28,Cloudy,0,0,102,234
2371,2023-02-11,Tacos,10,115.97,Rainy,0,1,280,154
2372,2023-09-26,Pasta,17,209.52,Hot,1,1,193,301
2373,2023-11-16,Sandwich,8,472.65,Hot,1,0,258,96
2374,2024-06-24,Coffee,16,354.81,Sunny,0,0,101,119
2375,2024-09-29,Juice,7,105.57,Cloudy,1,1,257,52
2376,2024-05-26,Pasta,14,95.47,Sunny,0,1,134,459
2377,2024-05-17,Pasta,2,52.83,Rainy,1,0,272,414
2378,2024-10-07,Burger,3,474.17,Sunny,0,0,162,102
2379,2023-03-27,Burger,3,358.19,Sunny,1,0,149,216
2380,2023-02-04,Salad,13,161.94,Hot,1,1,279,463
2381,2023-07-02,Cake,14,492.78,Hot,1,1,147,63
2382,2023-07-19,Tacos,14,67.48,Cloudy,0,0,215,404
2383,2023-06-27,Pizza,17,113.77,Rainy,0,0,113,79
2384,2024-09-15,Coffee,8,234.9,Cloudy,1,1,146,124
2385,2024-12-02,Wrap,11,301.26,Cloudy,0,1,292,247
2386,2023-06-24,Pasta,7,292.12,Cloudy,1,0,186,487
2387,2023-05-05,Coffee,10,117.23,Hot,0,1,91,489
2388,2024-04-19,Wrap,10,158.04,Rainy,0,0,122,388
2389,2023-10-03,Noodles,18,170.68,Hot,0,1,85,445
2390,2024-12-28,Coffee,18,406.71,Hot,0,0,171,453
2391,2023-08-14,Fried Rice,7,271.19,Hot,1,0,250,354
2392,2023-11-12,Ice Cream,19,336.33,Sunny,1,1,28,364
2393,2024-05-16,Cake,16,449.31,Cloudy,0,0,97,334
2394,2023-02-23,Ice Cream,6,52.79,Sunny,1,1,178,111
2395,2024-07-23,Tacos,14,194.04,Rainy,1,1,28,322
2396,2023-06-12,Juice,14,243.29,Hot,0,0,31,497
2397,2023-01-21,Burger,16,89.34,Rainy,0,0,284,92
2398,2024-08-27,Biryani,15,65.8,Cloudy,0,1,276,226
2399,2024-04-20,Cake,18,229.27,Cloudy,1,1,215,282
2400,2024-05-09,Salad,16,81.86,Hot,1,1,253,204
2401,2024-03-31,Tacos,17,179.27,Hot,0,1,295,214
2402,2023-11-10,Tea,13,164.59,Rainy,1,0,185,233
2403,2024-11-12,Coffee,8,74.3,Cloudy,1,0,92,324
2404,2024-08-05,Sandwich,17,215.84,Sunny,1,0,20,467
2405,2024-02-07,Juice,7,370.17,Sunny,1,1,204,442
2406,2024-06-01,Tacos,6,398.31,Hot,1,0,137,383
2407,2024-05-29,Ice Cream,3,285.9,Cloudy,1,1,208,347
2408,2023-02-10,Fried Rice,4,396.26,Hot,1,1,177,318
2409,2024-04-27,Burger,16,473.14,Sunny,1,1,260,293
2410,2024-09-26,Pizza,18,401.07,Cloudy,1,1,264,206
2411,2023-06-06,Tacos,13,349.9,Hot,0,1,243,108
2412,2023-04-05,Coffee,11,156.39,Cloudy,0,1,74,138
2413,2024-05-04,Cake,15,454.24,Cloudy,1,1,224,330
2414,2023-01-13,Wrap,12,460.97,Rainy,1,1,271,164
2415,2023-09-08,Pizza,17,174.25,Cloudy,0,1,280,231
2416,2024-06-01,Fried Rice,16,425.61,Sunny,1,1,206,128
2417,2024-02-17,Pasta,15,91.37,Hot,1,1,148,176
2418,2023-02-05,Sandwich,18,169.45,Cloudy,1,0,136,259
2419,2024-10-31,Pasta,16,440.86,Hot,1,1,73,424
2420,2024-07-06,Tea,2,373.31,Hot,1,0,55,300
2421,2023-01-06,Pizza,9,102.18,Cloudy,0,1,244,401
2422,2023-10-30,Biryani,16,50.31,Sunny,0,0,219,476
2423,2023-12-28,Sandwich,15,378.71,Rainy,0,0,256,194
2424,2023-04-16,Sandwich,11,296.77,Hot,1,1,64,97
2425,2023-05-18,Pasta,16,67.95,Sunny,0,0,286,107
2426,2024-12-31,Coffee,3,154.93,Cloudy,1,0,47,56
2427,2024-11-29,Ice Cream,12,126.96,Rainy,0,1,119,137
2428,2024-06-14,Biryani,14,489.32,Cloudy,1,1,162,292
2429,2024-02-23,Salad,3,240.92,Cloudy,1,1,20,338
2430,2024-05-03,Pizza,10,398.42,Cloudy,1,1,131,174
2431,2024-06-06,Noodles,4,114.65,Hot,1,1,188,402
2432,2023-10-11,Fried Rice,2,238.61,Cloudy,1,0,155,274
2433,2024-06-12,Sandwich,6,479.23,Rainy,1,0,164,344
2434,2024-06-20,Sandwich,7,201.04,Hot,0,1,43,498
2435,2023-08-12,Noodles,16,354.67,Hot,1,1,109,432
2436,2024-09-03,Salad,16,98.98,Rainy,0,1,243,340
2437,2023-06-10,Biryani,13,471.9,Cloudy,1,0,125,213
2438,2024-07-15,Salad,2,236.58,Sunny,1,0,188,156
2439,2024-11-08,Tea,12,381.27,Sunny,0,0,76,155
2440,2023-04-23,Cake,5,261.83,Cloudy,0,0,294,226
2441,2024-03-05,Coffee,12,279.71,Hot,1,0,141,284
2442,2024-05-14,Juice,10,59.77,Hot,1,1,147,408
2443,2023-08-15,Tacos,11,370.06,Cloudy,1,0,50,250
2444,2023-07-01,Fried Rice,10,263.73,Sunny,0,1,47,377
2445,2023-01-25,Wrap,7,75.46,Rainy,0,0,61,493
2446,2023-03-24,Pasta,19,130.08,Sunny,1,1,48,186
2447,2024-04-02,Juice,18,269.38,Rainy,0,0,142,363
2448,2023-10-01,Noodles,6,293.2,Cloudy,1,0,190,141
2449,2024-07-04,Ice Cream,12,278.57,Sunny,1,1,135,174
2450,2024-11-21,Pizza,1,217.4,Rainy,0,0,79,318
2451,2023-03-27,Juice,17,334.51,Hot,0,0,54,424
2452,2024-07-24,Ice Cream,11,344.96,Rainy,1,1,78,75
2453,2023-07-16,Juice,3,65.9,Cloudy,0,1,29,256
2454,2023-05-17,Wrap,17,444.19,Cloudy,1,1,133,470
2455,2024-03-25,Burger,5,58.34,Cloudy,1,1,165,275
2456,2024-04-17,Cake,5,252.1,Sunny,1,0,162,372
2457,2023-07-10,Coffee,16,151.16,Cloudy,0,1,187,415
2458,2023-06-19,Pizza,19,251.46,Cloudy,0,0,96,221
2459,2024-12-13,Salad,4,313.58,Sunny,0,1,22,88
2460,2024-05-14,Fried Rice,16,446.95,Cloudy,1,0,73,340
2461,2023-11-22,Fried Rice,17,241.54,Sunny,0,0,158,340
2462,2023-09-09,Tea,9,102.74,Sunny,0,1,102,439
2463,2023-08-04,Ice Cream,8,161.15,Cloudy,0,1,156,287
2464,2023-06-09,Fried Rice,1,77.61,Hot,0,0,255,272
2465,2023-11-17,Wrap,16,256.11,Cloudy,1,1,40,276
2466,2024-09-03,Juice,14,346.18,Sunny,1,0,127,250
2467,2023-10-29,Sandwich,8,407.64,Hot,1,1,136,389
2468,2024-04-04,Sandwich,11,143.79,Cloudy,0,0,248,329
2469,2023-10-26,Wrap,14,231.58,Sunny,1,1,177,467
2470,2024-08-06,Salad,13,457.71,Cloudy,0,0,145,302
2471,2024-08-24,Sandwich,6,273.58,Cloudy,1,1,237,348
2472,2023-07-01,Tacos,13,217.82,Rainy,1,1,80,66
2473,2024-07-09,Ice Cream,19,212.57,Hot,1,1,157,469
2474,2024-03-10,Noodles,18,50.84,Hot,0,1,219,330
2475,2023-09-04,Fried Rice,3,215.18,Rainy,0,0,236,470
2476,2023-05-14,Burger,3,387.13,Rainy,0,0,58,450
2477,2024-11-13,Wrap,12,161.3,Cloudy,1,1,231,212
2478,2023-12-29,Wrap,3,375.76,Cloudy,0,0,99,425
2479,2024-05-13,Fried Rice,18,225.32,Hot,0,1,90,176
2480,2023-03-24,Wrap,8,403.86,Sunny,0,0,221,126
2481,2023-03-10,Noodles,4,285.01,Rainy,0,1,28,405
2482,2023-05-03,Sandwich,1,231.93,Cloudy,0,0,99,70
2483,2023-05-30,Ice Cream,13,194.88,Cloudy,1,1,167,426
2484,2024-03-14,Juice,16,422.56,Sunny,1,1,96,205
2485,2023-11-04,Biryani,9,354.04,Sunny,1,1,46,481
2486,2024-05-08,Biryani,19,141.01,Cloudy,0,0,155,207
2487,2024-12-25,Ice Cream,4,286.96,Rainy,1,1,52,235
2488,2024-01-05,Salad,5,213.93,Sunny,1,0,169,266
2489,2023-11-21,Wrap,5,273.37,Cloudy,1,0,61,234
2490,2023-06-03,Juice,2,221.39,Hot,0,1,174,397
2491,2024-06-28,Cake,12,233.68,Rainy,1,1,202,270
2492,2024-04-09,Cake,8,223.6,Rainy,0,0,135,316
2493,2024-06-01,Tea,11,181.65,Rainy,0,1,113,446
2494,2023-02-05,Wrap,13,469.36,Cloudy,1,0,214,259
2495,2023-11-22,Fried Rice,1,486.3,Hot,0,0,58,360
2496,2024-01-20,Sandwich,8,86.12,Rainy,1,1,110,401
2497,2024-07-10,Sandwich,11,91.11,Rainy,0,0,33,93
2498,2023-12-09,Salad,11,267.38,Cloudy,1,1,48,169
2499,2023-12-18,Tacos,3,488.95,Sunny,1,1,87,269
2500,2024-04-22,Pasta,8,272.32,Rainy,0,0,110,272
2501,2023-02-18,Fried Rice,3,317.74,Rainy,1,1,207,477
2502,2024-09-21,Salad,9,315.26,Sunny,0,1,203,126
2503,2024-11-16,Tacos,11,166.82,Rainy,1,0,51,199
2504,2023-10-10,Biryani,15,199.91,Hot,1,1,103,63
2505,2024-05-06,Wrap,2,429.99,Cloudy,1,0,30,467
2506,2023-07-12,Juice,19,471.93,Sunny,0,0,206,160
2507,2024-01-11,Sandwich,12,81.86,Hot,0,0,263,73
2508,2024-05-30,Noodles,7,94.14,Cloudy,1,1,94,317
2509,2024-02-21,Cake,16,308.58,Rainy,1,1,220,73
2510,2024-02-03,Pasta,4,86.23,Sunny,1,0,180,225
2511,2024-07-24,Pasta,2,229.34,Rainy,1,1,116,281
2512,2024-01-14,Sandwich,8,139.44,Cloudy,1,1,256,275
2513,2023-12-20,Fried Rice,16,393.69,Sunny,0,0,202,430
2514,2024-11-04,Coffee,8,305.13,Cloudy,0,0,64,375
2515,2023-11-05,Coffee,16,482.13,Cloudy,1,0,96,153
2516,2024-09-26,Juice,9,479.27,Sunny,0,0,38,101
2517,2023-02-19,Burger,10,101.5,Cloudy,0,0,23,354
2518,2023-09-03,Sandwich,4,425.74,Cloudy,0,0,115,134
2519,2024-02-06,Pizza,19,271.76,Cloudy,1,1,66,410
2520,2023-06-22,Ice Cream,6,476.42,Cloudy,0,0,225,191
2521,2024-04-13,Coffee,3,374.47,Rainy,0,0,125,328
2522,2023-04-08,Pasta,3,436.17,Hot,1,1,93,412
2523,2024-09-08,Salad,18,359.23,Rainy,1,0,57,416
2524,2024-04-10,Cake,9,128.84,Rainy,0,1,148,333
2525,2023-07-11,Ice Cream,18,325.34,Hot,1,0,204,215
2526,2023-01-10,Coffee,17,445.51,Sunny,0,1,31,330
2527,2023-03-14,Sandwich,16,422.11,Cloudy,0,0,209,358
2528,2024-02-08,Tea,15,189.34,Hot,1,1,261,428
2529,2023-06-18,Biryani,13,330.75,Cloudy,1,0,138,341
2530,2024-03-09,Burger,2,152.7,Cloudy,0,1,119,51
2531,2024-09-14,Pizza,16,61.35,Rainy,1,1,94,497
2532,2024-01-30,Cake,11,95.22,Sunny,0,0,242,168
2533,2023-09-10,Ice Cream,3,174.24,Cloudy,1,0,65,215
2534,2024-03-09,Cake,9,378.39,Hot,0,1,277,375
2535,2023-08-17,Wrap,11,231.01,Hot,0,1,51,206
2536,2024-02-24,Burger,16,470.34,Sunny,0,0,195,379
2537,2023-06-22,Wrap,7,407.44,Cloudy,0,1,32,466
2538,2024-11-20,Fried Rice,7,305.92,Rainy,0,1,71,105
2539,2023-05-19,Tea,7,381.35,Sunny,0,1,152,71
2540,2024-04-11,Cake,7,68.41,Hot,0,1,76,428
2541,2024-06-20,Juice,11,251.69,Sunny,0,0,258,278
2542,2024-08-22,Burger,12,229.66,Cloudy,0,1,101,116
2543,2023-01-19,Tea,18,320.71,Hot,1,1,149,77
2544,2024-08-31,Biryani,7,393.3,Sunny,0,0,50,417
2545,2024-05-17,Pasta,16,240.07,Hot,0,1,177,98
2546,2023-07-24,Wrap,11,379.77,Rainy,0,0,148,124
2547,2024-04-24,Burger,7,433.48,Hot,0,1,243,182
2548,2024-03-16,Juice,4,473.01,Cloudy,1,0,209,92
2549,2024-08-14,Tacos,14,94.78,Hot,0,1,109,89
2550,2023-05-05,Ice Cream,4,450.05,Hot,1,1,237,232
2551,2024-03-08,Salad,9,225.01,Hot,1,1,181,326
2552,2024-12-11,Pizza,17,409.49,Cloudy,0,0,151,489
2553,2024-12-02,Juice,12,468.41,Sunny,0,1,178,411
2554,2024-05-08,Ice Cream,17,99.1,Rainy,0,0,22,254
2555,2023-01-06,Burger,19,95.28,Sunny,0,1,249,225
2556,2024-05-10,Salad,7,298.67,Cloudy,0,1,294,161
2557,2024-07-29,Biryani,17,484.26,Hot,0,1,35,183
2558,2024-05-01,Pizza,14,383.48,Sunny,1,1,187,463
2559,2024-04-16,Fried Rice,13,343.05,Cloudy,0,0,196,370
2560,2023-09-14,Pizza,19,170.88,Cloudy,1,1,252,241
2561,2023-11-30,Noodles,14,110.56,Hot,1,1,266,65
2562,2023-10-05,Juice,3,261.4,Hot,1,1,127,313
2563,2024-05-19,Pasta,11,129.92,Rainy,0,0,162,222
2564,2023-04-06,Wrap,9,403.59,Hot,1,1,130,311
2565,2024-09-02,Burger,11,103.4,Hot,1,1,294,371
2566,2023-01-17,Pasta,9,230.98,Sunny,0,1,262,493
2567,2023-11-01,Biryani,16,107.33,Sunny,0,1,192,147
2568,2023-02-16,Cake,18,468.61,Cloudy,0,1,191,82
2569,2023-01-23,Pasta,14,157.79,Rainy,1,0,41,176
2570,2023-07-12,Cake,3,313.0,Rainy,0,1,210,83
2571,2024-05-23,Salad,11,117.96,Sunny,1,1,249,330
2572,2024-04-20,Sandwich,16,404.97,Cloudy,0,0,39,62
2573,2024-04-06,Ice Cream,14,180.75,Rainy,1,1,209,118
2574,2024-09-11,Fried Rice,4,457.1,Cloudy,1,0,170,283
2575,2024-01-08,Pasta,17,347.14,Cloudy,1,0,249,432
2576,2023-09-22,Tea,4,223.48,Hot,0,1,276,344
2577,2023-07-21,Pizza,1,369.98,Sunny,1,0,159,120
2578,2024-10-22,Ice Cream,10,343.15,Sunny,1,0,298,65
2579,2023-10-23,Cake,5,282.43,Cloudy,0,0,26,498
2580,2023-05-01,Ice Cream,4,284.06,Sunny,0,0,151,153
2581,2024-06-23,Burger,11,160.74,Rainy,1,1,98,113
2582,2023-07-18,Pizza,4,214.58,Sunny,1,1,28,376
2583,2024-02-13,Pizza,12,229.76,Cloudy,1,0,74,337
2584,2024-03-23,Ice Cream,19,298.65,Cloudy,0,1,35,81
2585,2024-02-25,Noodles,18,403.35,Hot,0,1,109,342
2586,2023-02-24,Cake,5,175.66,Rainy,1,0,190,310
2587,2023-05-10,Ice Cream,2,68.17,Sunny,1,1,74,95
2588,2023-05-23,Cake,19,135.81,Sunny,1,1,283,105
2589,2024-04-23,Salad,3,441.77,Hot,1,0,211,218
2590,2024-11-25,Tea,14,408.32,Hot,1,0,258,147
2591,2024-09-01,Pizza,11,337.23,Hot,1,1,102,366
2592,2024-03-27,Juice,12,332.14,Cloudy,0,0,102,204
2593,2024-08-05,Noodles,18,370.5,Rainy,1,0,268,206
2594,2024-03-06,Sandwich,12,432.43,Sunny,0,0,130,217
2595,2023-02-12,Sandwich,2,324.97,Cloudy,1,1,96,291
2596,2024-07-28,Tea,11,109.56,Cloudy,0,1,35,316
2597,2024-01-08,Wrap,15,369.36,Rainy,1,1,146,286
2598,2024-12-19,Pizza,12,234.48,Rainy,0,1,251,146
2599,2023-12-14,Sandwich,8,309.08,Hot,0,1,277,302
2600,2024-06-23,Pasta,14,368.36,Hot,1,0,155,85
2601,2024-06-27,Fried Rice,19,188.47,Sunny,1,1,213,393
2602,2023-08-26,Cake,16,342.09,Hot,1,1,133,402
2603,2024-12-14,Fried Rice,4,473.88,Rainy,0,0,48,456
2604,2024-11-25,Noodles,8,194.13,Rainy,1,0,210,247
2605,2023-07-07,Noodles,17,259.35,Cloudy,1,0,188,471
2606,2024-02-18,Tea,18,352.96,Hot,0,1,137,352
2607,2023-10-10,Coffee,8,202.15,Rainy,1,0,87,478
2608,2024-12-25,Wrap,17,254.14,Rainy,0,1,70,166
2609,2024-06-05,Wrap,7,362.94,Cloudy,0,1,239,125
2610,2023-12-15,Cake,10,65.82,Cloudy,0,0,152,336
2611,2024-10-14,Cake,12,401.07,Rainy,0,0,128,181
2612,2023-08-17,Tea,9,338.56,Hot,0,0,279,314
2613,2024-07-13,Coffee,14,184.38,Cloudy,1,0,290,197
2614,2024-04-02,Juice,12,473.99,Sunny,1,1,237,322
2615,2023-10-02,Noodles,11,89.59,Rainy,0,0,195,282
2616,2024-12-23,Biryani,8,57.08,Cloudy,0,0,64,274
2617,2024-01-13,Pasta,19,474.24,Sunny,1,1,171,83
2618,2024-05-22,Wrap,18,360.67,Cloudy,1,0,63,118
2619,2023-04-28,Burger,13,394.28,Cloudy,0,1,152,491
2620,2024-03-19,Pizza,15,152.82,Rainy,0,0,296,339
2621,2023-01-16,Pizza,10,215.93,Rainy,1,1,83,83
2622,2024-10-02,Fried Rice,12,252.99,Cloudy,1,1,216,122
2623,2023-10-18,Salad,16,187.12,Hot,1,0,149,457
2624,2023-03-01,Ice Cream,2,345.12,Cloudy,0,0,225,222
2625,2023-03-22,Noodles,7,223.72,Cloudy,0,1,51,383
2626,2024-03-30,Biryani,11,469.33,Hot,0,0,139,270
2627,2024-08-15,Cake,15,407.9,Sunny,0,1,77,436
2628,2024-08-04,Biryani,3,60.65,Hot,1,0,51,430
2629,2024-07-10,Juice,18,294.67,Sunny,1,1,84,420
2630,2023-08-16,Pizza,17,188.64,Rainy,0,1,214,306
2631,2024-08-08,Tacos,14,279.68,Sunny,0,0,245,474
2632,2023-03-02,Pizza,2,301.24,Rainy,0,0,268,87
2633,2023-06-18,Tacos,11,301.5,Rainy,1,1,244,116
2634,2023-08-20,Fried Rice,1,173.16,Rainy,0,1,166,341
2635,2023-11-26,Wrap,14,313.17,Sunny,0,1,236,449
2636,2024-12-08,Burger,18,121.51,Hot,1,0,274,62
2637,2024-05-07,Coffee,10,243.62,Rainy,0,1,74,268
2638,2024-04-19,Juice,9,439.65,Cloudy,0,0,124,308
2639,2024-09-12,Wrap,4,262.39,Rainy,1,1,71,417
2640,2023-11-20,Burger,17,76.58,Hot,0,0,118,406
2641,2023-11-17,Cake,2,148.67,Hot,1,0,41,135
2642,2023-04-05,Cake,10,382.84,Cloudy,0,0,71,317
2643,2024-08-08,Tea,18,228.66,Rainy,0,1,241,218
2644,2024-04-17,Salad,15,113.09,Sunny,1,1,22,421
2645,2023-09-23,Noodles,4,218.89,Sunny,1,0,156,186
2646,2023-12-16,Pizza,11,66.8,Sunny,1,0,196,290
2647,2024-07-06,Cake,7,438.54,Sunny,1,1,65,472
2648,2024-08-29,Cake,18,334.98,Rainy,0,1,114,425
2649,2024-07-15,Juice,7,285.65,Sunny,0,0,197,77
2650,2024-09-14,Biryani,10,156.94,Rainy,1,1,267,146
2651,2024-01-22,Pasta,11,281.78,Sunny,0,0,258,483
2652,2023-08-27,Ice Cream,2,360.19,Rainy,1,1,46,442
2653,2023-09-16,Burger,16,79.94,Sunny,1,1,34,166
2654,2023-08-25,Pasta,3,314.61,Rainy,1,0,52,341
2655,2024-09-17,Biryani,9,331.96,Cloudy,1,0,148,459
2656,2023-04-09,Noodles,6,289.13,Sunny,1,1,178,369
2657,2024-03-21,Noodles,5,342.13,Rainy,1,1,43,84
2658,2024-05-15,Tacos,18,186.2,Sunny,0,0,249,240
2659,2023-03-03,Fried Rice,4,260.66,Cloudy,0,0,46,446
2660,2024-10-29,Cake,2,474.35,Sunny,1,0,133,488
2661,2023-10-15,Pasta,6,74.27,Sunny,0,1,152,478
2662,2024-01-04,Tea,11,331.41,Hot,1,1,159,266
2663,2023-11-28,Sandwich,4,477.56,Cloudy,0,1,233,495
2664,2023-12-14,Noodles,5,168.07,Sunny,1,1,44,230
2665,2023-05-07,Burger,19,450.55,Sunny,0,1,226,92
2666,2023-12-13,Pasta,10,228.26,Rainy,1,0,217,101
2667,2024-10-20,Noodles,19,418.56,Sunny,1,1,65,195
2668,2023-08-16,Cake,18,186.22,Sunny,1,1,223,154
2669,2024-07-11,Biryani,18,250.25,Hot,1,1,213,144
2670,2023-11-25,Pasta,12,330.63,Rainy,1,1,106,53
2671,2023-12-31,Juice,17,437.35,Rainy,0,1,52,332
2672,2023-08-22,Biryani,9,325.24,Rainy,0,1,184,495
2673,2023-12-04,Sandwich,10,60.4,Hot,1,1,70,119
2674,2023-10-13,Pasta,16,331.58,Sunny,0,1,65,201
2675,2023-01-24,Juice,1,388.04,Cloudy,0,0,79,90
2676,2024-11-15,Noodles,16,390.86,Cloudy,1,1,164,403
2677,2023-08-11,Noodles,14,334.29,Cloudy,1,0,292,357
2678,2024-06-12,Pizza,13,63.8,Rainy,1,1,41,303
2679,2024-07-30,Juice,10,479.86,Cloudy,0,1,129,142
2680,2024-08-14,Fried Rice,17,208.14,Rainy,0,0,214,50
2681,2023-11-08,Tea,4,253.77,Sunny,0,0,183,469
2682,2023-05-28,Pizza,2,484.43,Hot,0,0,151,382
2683,2023-09-12,Juice,4,164.59,Hot,0,1,296,457
2684,2024-07-27,Noodles,9,479.3,Sunny,0,0,242,292
2685,2024-07-29,Tea,13,284.84,Rainy,1,1,58,478
2686,2024-03-19,Biryani,12,89.21,Hot,0,0,290,423
2687,2023-03-16,Pizza,6,218.54,Hot,0,0,51,288
2688,2023-12-01,Fried Rice,9,262.75,Hot,1,1,168,191
2689,2024-09-01,Tea,15,412.05,Rainy,0,0,298,463
2690,2024-05-08,Cake,19,211.82,Cloudy,0,0,98,54
2691,2023-06-18,Ice Cream,12,146.23,Sunny,1,1,196,373
2692,2023-04-13,Biryani,7,263.74,Sunny,0,1,52,208
2693,2024-10-08,Tacos,14,288.35,Sunny,1,0,265,433
2694,2023-02-04,Fried Rice,2,342.49,Sunny,0,1,179,322
2695,2023-04-18,Ice Cream,13,314.94,Rainy,0,0,53,147
2696,2023-04-08,Tea,3,78.73,Hot,0,0,160,103
2697,2024-04-23,Tea,6,96.59,Cloudy,0,1,258,146
2698,2024-03-04,Pasta,4,224.28,Cloudy,0,1,50,241
2699,2024-03-09,Coffee,18,73.66,Cloudy,0,0,136,138
2700,2023-02-22,Tea,9,483.21,Hot,0,1,34,343
2701,2023-01-12,Noodles,3,287.58,Rainy,0,0,253,343
2702,2023-05-01,Burger,18,168.13,Sunny,1,0,238,203
2703,2024-10-22,Pasta,17,85.68,Rainy,1,1,120,128
2704,2024-11-18,Fried Rice,4,169.51,Cloudy,1,1,123,135
2705,2023-07-26,Ice Cream,12,155.45,Hot,1,1,172,405
2706,2024-07-08,Juice,7,383.51,Hot,0,0,118,465
2707,2024-08-18,Juice,10,394.34,Hot,0,1,261,429
2708,2023-06-29,Sandwich,14,108.81,Rainy,0,1,255,143
2709,2024-03-19,Pasta,7,311.8,Sunny,1,0,117,125
2710,2023-11-28,Tea,1,248.97,Cloudy,0,1,235,131
2711,2024-08-29,Wrap,15,305.02,Sunny,0,1,24,324
2712,2024-06-02,Tacos,2,338.8,Rainy,0,0,169,168
2713,2023-03-06,Wrap,16,408.42,Rainy,0,1,259,318
2714,2024-03-12,Biryani,7,380.86,Cloudy,1,1,114,326
2715,2023-01-20,Fried Rice,10,418.71,Rainy,0,1,121,219
2716,2024-08-05,Tacos,8,332.0,Cloudy,1,1,22,189
2717,2023-02-26,Salad,5,116.87,Cloudy,0,1,136,347
2718,2024-09-06,Ice Cream,10,330.21,Cloudy,1,1,191,51
2719,2023-02-03,Salad,15,356.69,Cloudy,1,0,290,377
2720,2024-01-02,Biryani,8,70.47,Cloudy,0,1,24,462
2721,2023-05-20,Tacos,6,276.3,Hot,0,1,92,330
2722,2024-02-25,Fried Rice,7,392.04,Hot,1,1,131,359
2723,2023-04-26,Biryani,6,166.11,Cloudy,1,1,28,357
2724,2023-08-04,Fried Rice,7,387.83,Cloudy,1,1,242,316
2725,2023-07-30,Pizza,16,56.88,Hot,1,1,181,256
2726,2023-01-20,Juice,10,350.14,Rainy,1,0,279,229
2727,2024-08-23,Tacos,11,405.78,Cloudy,0,0,200,386
2728,2023-12-15,Fried Rice,12,369.89,Cloudy,0,1,87,408
2729,2024-12-13,Salad,19,465.53,Rainy,0,1,248,333
2730,2024-10-04,Wrap,10,254.76,Sunny,0,0,120,411
2731,2023-02-25,Sandwich,19,480.58,Cloudy,1,0,111,271
2732,2023-05-13,Coffee,15,451.7,Rainy,0,0,291,97
2733,2023-01-11,Burger,11,293.97,Cloudy,0,0,268,402
2734,2023-12-29,Salad,18,98.5,Rainy,0,1,63,59
2735,2023-03-26,Coffee,1,278.35,Rainy,0,1,261,65
2736,2023-05-05,Biryani,9,439.12,Sunny,0,0,247,404
2737,2023-09-25,Coffee,15,110.46,Cloudy,0,1,107,241
2738,2024-12-31,Cake,17,59.77,Sunny,1,0,156,162
2739,2023-05-14,Pizza,16,345.87,Cloudy,0,0,128,136
2740,2024-03-21,Juice,2,204.71,Hot,1,1,77,93
2741,2023-04-16,Biryani,12,73.71,Rainy,0,1,181,291
2742,2024-12-03,Pizza,18,104.85,Rainy,0,0,263,80
2743,2024-06-24,Salad,2,256.07,Rainy,1,1,36,115
2744,2024-10-27,Juice,10,196.41,Hot,1,0,32,470
2745,2023-03-01,Juice,17,173.05,Cloudy,0,0,226,141
2746,2024-08-28,Biryani,7,410.32,Cloudy,0,1,242,349
2747,2024-11-06,Tea,19,206.79,Sunny,0,1,142,431
2748,2024-08-23,Burger,8,465.62,Hot,0,1,65,165
2749,2024-03-12,Biryani,13,167.47,Sunny,0,1,184,395
2750,2024-01-13,Pasta,2,471.45,Hot,1,0,28,114
2751,2023-08-14,Tacos,19,430.51,Hot,0,1,140,485
2752,2024-09-19,Biryani,19,106.35,Sunny,1,1,67,95
2753,2024-04-18,Burger,19,214.17,Rainy,0,0,101,97
2754,2024-05-20,Wrap,12,231.7,Hot,1,0,146,380
2755,2024-10-23,Salad,13,382.71,Cloudy,0,0,73,174
2756,2024-09-08,Biryani,3,131.86,Hot,1,1,166,169
2757,2024-02-21,Salad,6,100.48,Hot,1,1,241,69
2758,2024-06-21,Coffee,6,146.84,Hot,0,1,87,420
2759,2024-11-24,Pizza,3,64.25,Rainy,1,0,144,187
2760,2023-04-19,Pizza,16,281.11,Hot,1,1,49,79
2761,2024-02-20,Noodles,9,173.9,Cloudy,1,1,253,348
2762,2024-08-01,Sandwich,13,170.62,Hot,0,0,67,189
2763,2023-07-20,Pasta,11,141.13,Rainy,1,0,113,102
2764,2023-02-14,Pasta,10,214.04,Cloudy,0,1,101,496
2765,2024-09-09,Noodles,17,128.81,Rainy,0,0,271,313
2766,2023-04-05,Tacos,3,477.44,Cloudy,0,0,227,72
2767,2024-06-08,Tea,12,71.62,Sunny,0,1,175,187
2768,2024-12-13,Tea,7,420.32,Cloudy,0,0,121,256
2769,2024-09-13,Pasta,3,356.6,Hot,1,1,184,375
2770,2023-11-09,Salad,8,491.42,Cloudy,1,0,269,422
2771,2023-06-23,Ice Cream,14,97.09,Rainy,1,0,286,446
2772,2023-04-08,Noodles,8,481.81,Cloudy,0,1,44,229
2773,2023-01-01,Tacos,16,195.06,Cloudy,1,1,272,90
2774,2023-09-06,Coffee,19,431.37,Hot,1,0,283,344
2775,2024-10-11,Coffee,17,381.26,Sunny,0,1,89,287
2776,2023-11-26,Tacos,8,296.65,Cloudy,1,0,56,467
2777,2024-06-22,Fried Rice,6,499.1,Cloudy,1,1,27,258
2778,2024-01-13,Tacos,7,224.48,Rainy,0,0,148,304
2779,2023-05-10,Fried Rice,11,378.4,Rainy,1,0,279,489
2780,2024-06-23,Pasta,13,325.65,Sunny,1,0,216,486
2781,2024-09-11,Burger,5,363.74,Cloudy,1,0,156,223
2782,2023-07-07,Ice Cream,3,318.34,Rainy,0,0,22,464
2783,2024-11-15,Biryani,6,305.32,Rainy,0,0,268,210
2784,2024-08-24,Coffee,11,163.46,Hot,0,1,80,337
2785,2023-03-11,Pizza,16,75.73,Rainy,1,1,187,302
2786,2023-02-22,Noodles,7,203.93,Cloudy,0,0,255,322
2787,2023-01-08,Salad,7,189.15,Sunny,0,0,201,319
2788,2023-06-17,Sandwich,3,271.2,Sunny,0,1,200,379
2789,2024-07-23,Cake,10,198.6,Hot,0,0,191,282
2790,2024-12-23,Fried Rice,3,450.73,Rainy,1,1,188,352
2791,2024-09-22,Salad,11,202.68,Rainy,0,0,178,67
2792,2024-09-28,Ice Cream,14,83.37,Hot,1,0,155,163
2793,2023-08-17,Juice,19,223.46,Cloudy,0,0,131,255
2794,2023-02-10,Biryani,19,184.33,Sunny,1,0,42,256
2795,2024-10-30,Wrap,4,88.23,Rainy,0,1,224,397
2796,2023-07-26,Biryani,3,374.61,Hot,0,1,112,382
2797,2024-11-13,Tea,13,439.25,Hot,1,1,244,285
2798,2024-10-08,Wrap,3,384.26,Cloudy,1,0,195,475
2799,2023-11-22,Coffee,10,238.61,Sunny,1,1,154,59
2800,2024-07-20,Pasta,9,305.21,Hot,1,1,29,493
2801,2024-08-16,Pizza,4,340.07,Hot,0,0,222,441
2802,2024-07-07,Juice,1,467.21,Rainy,0,1,139,69
2803,2023-03-08,Juice,1,413.29,Hot,0,1,95,278
2804,2024-10-05,Juice,13,447.61,Cloudy,0,0,119,435
2805,2023-06-06,Noodles,9,130.85,Sunny,1,1,111,173
2806,2024-06-22,Sandwich,7,231.18,Hot,0,0,168,188
2807,2024-08-28,Salad,10,179.49,Rainy,0,0,293,400
2808,2023-04-07,Ice Cream,18,130.11,Sunny,0,0,249,164
2809,2024-10-12,Burger,8,147.17,Cloudy,0,1,23,278
2810,2024-07-24,Sandwich,3,410.87,Hot,0,1,46,361
2811,2024-01-10,Pasta,18,83.88,Hot,1,0,40,208
2812,2023-02-17,Cake,1,150.6,Sunny,0,1,227,106
2813,2024-09-27,Sandwich,12,492.99,Cloudy,1,1,110,55
2814,2024-04-22,Sandwich,15,257.2,Hot,0,0,94,472
2815,2024-03-29,Sandwich,1,203.03,Rainy,0,0,70,441
2816,2023-02-08,Fried Rice,15,151.4,Cloudy,1,0,160,458
2817,2023-04-10,Cake,10,126.34,Rainy,1,0,123,425
2818,2023-08-01,Coffee,4,245.45,Hot,0,0,64,171
2819,2023-06-22,Ice Cream,16,89.34,Hot,1,1,141,209
2820,2024-06-02,Fried Rice,10,129.73,Hot,0,0,174,381
2821,2023-02-25,Pizza,9,233.7,Cloudy,0,0,47,75
2822,2024-06-26,Noodles,11,336.17,Hot,1,0,23,292
2823,2024-09-26,Wrap,5,466.14,Sunny,0,1,119,213
2824,2023-01-18,Biryani,2,463.62,Sunny,1,1,98,236
2825,2024-10-31,Ice Cream,15,291.09,Sunny,0,1,83,129
2826,2023-08-19,Pizza,10,198.25,Hot,1,1,274,251
2827,2023-04-12,Noodles,3,211.28,Sunny,1,1,281,86
2828,2023-05-23,Pizza,5,352.19,Hot,0,0,216,104
2829,2023-02-04,Ice Cream,10,369.0,Hot,0,0,109,189
2830,2023-01-24,Noodles,5,367.57,Rainy,0,0,213,115
2831,2024-03-29,Tacos,18,79.54,Sunny,1,0,212,85
2832,2024-02-05,Biryani,18,249.45,Cloudy,1,1,228,53
2833,2023-10-27,Burger,14,223.21,Hot,1,0,240,238
2834,2023-07-01,Ice Cream,3,82.31,Rainy,0,0,81,495
2835,2024-08-15,Pasta,1,406.43,Sunny,1,1,176,256
2836,2023-05-07,Fried Rice,4,136.72,Hot,1,0,290,390
2837,2023-05-29,Fried Rice,11,241.53,Hot,0,1,116,89
2838,2023-04-29,Cake,9,403.49,Rainy,0,1,251,316
2839,2024-04-03,Ice Cream,12,341.52,Sunny,0,1,67,265
2840,2023-05-12,Cake,15,316.88,Hot,1,1,77,267
2841,2024-02-17,Tacos,17,285.37,Sunny,1,0,69,354
2842,2024-04-19,Coffee,16,102.77,Hot,1,0,245,77
2843,2024-10-06,Ice Cream,4,282.57,Sunny,0,0,148,122
2844,2024-02-11,Tacos,2,329.25,Rainy,1,0,220,159
2845,2023-12-07,Salad,18,297.33,Sunny,0,0,237,156
2846,2023-01-05,Cake,5,53.75,Cloudy,0,0,288,85
2847,2024-10-16,Pizza,3,63.69,Cloudy,0,0,262,449
2848,2024-08-09,Fried Rice,3,309.07,Hot,1,0,277,93
2849,2023-12-14,Coffee,10,498.17,Rainy,0,1,239,330
2850,2024-02-22,Fried Rice,17,301.68,Sunny,1,0,238,374
2851,2023-11-23,Sandwich,3,355.49,Cloudy,1,0,114,251
2852,2024-12-18,Tea,10,351.91,Rainy,1,1,94,56
2853,2023-12-08,Wrap,12,221.74,Cloudy,0,0,46,354
2854,2023-12-06,Tea,14,405.38,Sunny,1,0,213,50
2855,2024-09-09,Coffee,5,301.79,Rainy,1,1,24,75
2856,2023-03-11,Tea,7,346.28,Cloudy,1,0,51,61
2857,2023-05-13,Ice Cream,11,82.32,Rainy,0,0,156,366
2858,2024-11-14,Burger,12,498.48,Rainy,0,0,296,365
2859,2024-01-19,Ice Cream,10,395.76,Rainy,1,1,267,164
2860,2023-03-27,Cake,13,207.07,Sunny,0,1,113,398
2861,2024-10-04,Noodles,11,286.88,Cloudy,1,0,157,92
2862,2023-06-27,Wrap,19,302.39,Hot,1,1,171,324
2863,2023-04-08,Biryani,11,55.84,Rainy,0,1,86,69
2864,2024-04-22,Coffee,19,205.24,Cloudy,1,0,56,220
2865,2024-04-25,Ice Cream,18,482.53,Cloudy,0,1,250,404
2866,2023-06-15,Pasta,10,90.95,Rainy,0,0,233,210
2867,2024-12-16,Biryani,16,266.82,Sunny,1,0,173,179
2868,2024-03-18,Sandwich,15,95.77,Cloudy,1,0,96,57
2869,2024-01-06,Tea,16,287.37,Rainy,0,1,211,283
2870,2023-06-20,Wrap,7,80.93,Hot,1,1,49,403
2871,2024-08-04,Pasta,17,182.63,Rainy,0,0,164,260
2872,2023-06-01,Tea,2,159.03,Rainy,0,0,91,142
2873,2023-08-17,Pasta,4,316.54,Rainy,1,0,286,98
2874,2023-11-13,Cake,4,167.25,Hot,0,0,88,349
2875,2023-10-27,Pasta,14,373.72,Rainy,1,1,63,80
2876,2023-03-14,Pizza,2,309.61,Hot,0,0,171,380
2877,2024-07-02,Juice,2,238.12,Rainy,1,0,287,146
2878,2024-03-17,Salad,15,148.75,Hot,0,1,298,409
2879,2023-04-20,Cake,2,105.77,Rainy,1,0,27,311
2880,2024-07-23,Fried Rice,15,103.17,Hot,1,0,70,319
2881,2023-09-26,Pasta,10,286.35,Hot,1,1,28,373
2882,2023-02-07,Biryani,3,156.43,Sunny,1,0,97,329
2883,2024-06-07,Coffee,16,239.54,Rainy,0,1,87,261
2884,2023-03-14,Biryani,1,140.84,Rainy,1,1,284,330
2885,2024-05-23,Cake,17,372.0,Cloudy,0,0,292,432
2886,2023-01-25,Noodles,10,265.74,Sunny,0,1,22,183
2887,2024-03-01,Pizza,2,199.28,Hot,1,1,222,129
2888,2023-03-12,Wrap,11,448.24,Hot,0,1,189,126
2889,2023-09-19,Fried Rice,17,152.81,Rainy,1,1,82,81
2890,2024-02-10,Salad,8,272.99,Cloudy,0,1,170,209
2891,2024-11-14,Pasta,18,399.55,Rainy,1,1,110,435
2892,2024-01-01,Pizza,4,383.95,Cloudy,1,1,56,414
2893,2024-11-21,Wrap,8,462.11,Rainy,0,1,22,103
2894,2024-09-16,Juice,6,122.1,Rainy,0,1,148,495
2895,2024-09-21,Sandwich,4,182.08,Rainy,1,1,216,450
2896,2024-06-06,Noodles,1,176.33,Cloudy,0,0,96,211
2897,2024-07-25,Coffee,15,470.96,Sunny,0,1,256,135
2898,2023-07-08,Tacos,8,251.86,Hot,0,0,60,407
2899,2024-11-28,Tacos,1,386.5,Hot,0,0,179,166
2900,2024-06-22,Noodles,18,277.37,Sunny,1,1,53,168
2901,2024-10-04,Salad,6,387.53,Cloudy,1,0,53,205
2902,2024-03-31,Coffee,11,193.62,Sunny,1,0,28,83
2903,2023-04-04,Biryani,2,391.81,Cloudy,1,1,123,156
2904,2024-02-02,Coffee,10,467.52,Hot,0,1,267,463
2905,2024-07-12,Coffee,14,395.5,Sunny,0,1,150,312
2906,2023-04-05,Tea,6,299.8,Rainy,1,0,212,308
2907,2023-06-03,Pizza,4,55.97,Sunny,0,1,102,248
2908,2024-12-15,Tacos,18,150.31,Sunny,0,1,241,355
2909,2023-12-23,Burger,4,220.9,Sunny,1,1,116,430
2910,2024-04-18,Wrap,2,294.06,Cloudy,0,1,223,498
2911,2024-10-04,Biryani,3,114.03,Cloudy,0,1,196,58
2912,2023-08-16,Sandwich,12,437.79,Sunny,1,1,104,482
2913,2023-02-17,Salad,10,217.67,Hot,0,1,140,202
2914,2023-10-08,Tacos,19,391.01,Cloudy,0,0,176,309
2915,2023-02-18,Burger,4,467.14,Hot,0,1,118,441
2916,2024-03-19,Ice Cream,9,354.7,Cloudy,1,1,115,212
2917,2024-03-13,Fried Rice,11,175.33,Sunny,0,0,35,161
2918,2023-10-04,Tacos,7,68.99,Hot,0,1,68,131
2919,2023-04-24,Tacos,12,159.66,Hot,1,0,278,449
2920,2023-10-10,Juice,16,354.94,Sunny,0,0,180,286
2921,2024-06-26,Burger,4,223.58,Rainy,0,1,240,95
2922,2023-01-13,Tea,11,155.39,Sunny,1,1,270,470
2923,2023-11-06,Burger,18,485.28,Rainy,0,1,81,380
2924,2024-08-13,Tacos,6,441.53,Sunny,0,0,151,212
2925,2023-08-08,Pizza,2,381.27,Rainy,0,1,35,357
2926,2023-04-24,Noodles,6,298.86,Cloudy,0,1,213,465
2927,2024-09-23,Tea,18,117.13,Hot,1,0,222,202
2928,2023-09-07,Coffee,11,484.78,Sunny,0,1,205,477
2929,2023-02-09,Ice Cream,11,404.77,Cloudy,1,0,69,388
2930,2023-10-12,Sandwich,2,168.99,Sunny,0,0,233,474
2931,2023-10-31,Tacos,11,480.65,Rainy,1,1,284,224
2932,2024-01-15,Juice,14,71.63,Sunny,1,0,233,259
2933,2023-04-17,Juice,16,401.83,Rainy,1,0,189,420
2934,2024-06-09,Burger,18,58.35,Cloudy,1,0,281,403
2935,2023-07-11,Tacos,3,264.23,Rainy,0,0,94,462
2936,2024-04-27,Cake,3,271.14,Cloudy,0,1,51,145
2937,2024-10-25,Pasta,7,207.48,Sunny,0,0,219,184
2938,2024-11-14,Coffee,10,289.67,Hot,1,1,271,69
2939,2024-10-04,Fried Rice,19,491.98,Hot,0,1,260,323
2940,2023-03-30,Coffee,6,241.92,Sunny,0,1,166,480
2941,2024-06-30,Salad,9,345.79,Sunny,1,0,234,58
2942,2024-08-01,Pizza,7,264.62,Hot,1,0,267,164
2943,2023-03-24,Salad,7,310.77,Cloudy,0,1,263,210
2944,2023-11-07,Noodles,19,352.49,Hot,1,0,272,420
2945,2024-03-31,Burger,9,356.93,Sunny,0,1,264,239
2946,2024-01-15,Salad,19,142.28,Cloudy,1,1,269,280
2947,2023-04-18,Tacos,4,436.35,Cloudy,0,1,160,390
2948,2023-07-07,Juice,15,403.48,Cloudy,1,1,200,110
2949,2024-02-07,Coffee,16,346.31,Sunny,0,1,38,476
2950,2023-03-18,Tea,1,64.23,Cloudy,0,0,65,204
2951,2023-09-05,Biryani,5,400.02,Sunny,0,1,206,124
2952,2023-09-21,Salad,4,168.27,Rainy,0,0,267,192
2953,2023-01-01,Coffee,1,474.52,Sunny,1,0,292,169
2954,2024-06-23,Wrap,13,271.57,Hot,1,0,132,293
2955,2023-07-10,Wrap,9,92.3,Sunny,0,1,198,200
2956,2023-03-28,Biryani,12,113.48,Cloudy,0,0,197,112
2957,2024-11-02,Pizza,10,234.08,Rainy,1,1,99,330
2958,2024-10-18,Salad,14,217.62,Hot,0,1,221,472
2959,2023-05-28,Fried Rice,10,111.05,Sunny,1,1,174,367
2960,2023-08-16,Salad,14,396.83,Sunny,1,0,292,442
2961,2024-11-13,Pizza,15,240.82,Hot,1,0,280,237
2962,2023-11-26,Pasta,10,168.59,Hot,0,1,262,104
2963,2023-01-25,Sandwich,9,233.01,Rainy,1,1,215,128
2964,2024-06-14,Ice Cream,17,496.19,Cloudy,1,1,158,62
2965,2024-09-06,Salad,16,344.75,Rainy,1,1,86,361
2966,2023-03-17,Pizza,6,97.83,Hot,0,1,100,379
2967,2023-05-28,Burger,10,443.23,Rainy,0,0,155,386
2968,2023-09-17,Fried Rice,10,452.37,Rainy,0,0,46,401
2969,2023-07-19,Salad,1,332.55,Hot,1,0,93,229
2970,2023-05-04,Sandwich,9,233.68,Hot,0,1,127,358
2971,2023-06-09,Pizza,16,480.28,Hot,0,0,264,114
2972,2023-03-25,Tea,18,206.2,Rainy,0,1,64,375
2973,2023-07-04,Sandwich,15,345.56,Cloudy,0,0,93,121
2974,2024-02-27,Tea,10,271.54,Rainy,1,1,177,218
2975,2024-06-05,Wrap,6,432.56,Sunny,0,1,292,336
2976,2023-11-24,Pasta,8,432.78,Rainy,1,1,89,454
2977,2024-02-01,Salad,7,128.62,Cloudy,0,0,198,67
2978,2023-05-27,Cake,19,367.67,Hot,1,1,103,414
2979,2024-06-13,Fried Rice,18,100.9,Sunny,0,0,203,66
2980,2024-03-28,Coffee,6,349.23,Cloudy,0,1,220,138
2981,2023-04-21,Cake,16,382.67,Sunny,0,1,153,209
2982,2024-10-22,Sandwich,18,94.04,Cloudy,1,1,177,454
2983,2024-03-22,Sandwich,12,115.08,Rainy,0,1,89,214
2984,2023-07-02,Salad,14,176.5,Sunny,1,1,212,366
2985,2024-12-11,Pasta,11,464.85,Hot,1,1,35,148
2986,2024-04-05,Juice,4,117.84,Hot,1,0,276,175
2987,2023-02-10,Burger,11,475.93,Hot,0,1,147,67
2988,2023-01-17,Coffee,13,435.84,Sunny,1,1,217,412
2989,2024-03-23,Burger,3,453.13,Rainy,0,0,151,245
2990,2023-11-23,Pizza,9,105.9,Cloudy,0,1,119,157
2991,2024-04-04,Fried Rice,5,425.4,Cloudy,1,0,180,452
2992,2024-09-07,Fried Rice,14,300.46,Cloudy,0,0,86,246
2993,2023-10-30,Cake,12,193.35,Cloudy,1,1,54,254
2994,2023-09-19,Coffee,2,233.85,Rainy,1,0,285,271
2995,2023-05-01,Fried Rice,13,134.05,Hot,1,0,277,459
2996,2024-06-20,Wrap,8,261.31,Rainy,0,1,228,240
2997,2023-07-02,Coffee,5,345.58,Sunny,1,1,88,421
2998,2024-09-13,Fried Rice,15,221.6,Hot,1,1,292,183
2999,2023-01-29,Cake,14,303.85,Sunny,1,1,42,203
3000,2024-12-26,Tacos,1,208.58,Hot,1,0,135,191
3001,2023-08-03,Wrap,18,179.74,Hot,1,1,283,336
3002,2023-11-13,Coffee,4,473.18,Sunny,1,1,201,332
3003,2024-10-07,Coffee,4,283.77,Hot,1,0,78,399
3004,2023-11-01,Juice,1,211.52,Rainy,1,0,121,135
3005,2024-04-05,Pasta,14,295.85,Cloudy,0,1,22,460
3006,2023-01-13,Wrap,14,323.64,Hot,0,1,83,468
3007,2024-05-10,Ice Cream,6,461.37,Cloudy,1,0,157,458
3008,2023-11-27,Tacos,7,320.31,Rainy,1,0,49,55
3009,2023-02-16,Juice,1,449.4,Hot,1,0,216,184
3010,2024-08-19,Cake,18,496.88,Sunny,0,0,235,436
3011,2024-08-11,Noodles,10,145.11,Rainy,1,1,76,370
3012,2024-09-13,Pasta,3,392.25,Cloudy,1,1,202,359
3013,2024-03-27,Biryani,13,379.4,Rainy,1,1,199,164
3014,2024-06-11,Tacos,7,104.02,Hot,0,0,152,492
3015,2023-09-20,Burger,10,393.56,Hot,0,1,55,165
3016,2023-04-02,Biryani,15,373.7,Sunny,1,1,22,487
3017,2023-12-14,Wrap,6,469.75,Rainy,1,1,25,190
3018,2024-06-26,Tacos,16,317.16,Cloudy,1,1,138,333
3019,2023-08-12,Pizza,9,374.26,Hot,0,1,239,325
3020,2024-05-12,Cake,14,217.33,Cloudy,1,1,125,193
3021,2024-08-25,Coffee,15,119.11,Hot,1,0,227,113
3022,2023-07-18,Ice Cream,14,166.26,Rainy,1,1,215,218
3023,2023-10-09,Noodles,9,72.49,Hot,0,1,55,215
3024,2024-11-07,Fried Rice,10,443.22,Hot,1,1,33,416
3025,2024-03-02,Biryani,12,488.58,Hot,0,1,66,443
3026,2023-03-01,Sandwich,8,419.34,Rainy,0,1,193,243
3027,2023-02-02,Ice Cream,9,87.07,Cloudy,1,1,224,316
3028,2024-10-02,Coffee,2,167.68,Rainy,0,0,125,497
3029,2023-02-06,Juice,4,280.57,Rainy,0,0,280,245
3030,2024-10-03,Pasta,8,390.77,Rainy,0,1,248,340
3031,2024-02-06,Wrap,18,288.57,Cloudy,0,1,168,497
3032,2023-02-10,Biryani,2,339.31,Rainy,1,0,191,86
3033,2023-07-02,Burger,4,217.7,Sunny,0,1,138,423
3034,2023-06-14,Burger,8,444.2,Sunny,0,0,278,382
3035,2023-04-28,Coffee,19,99.06,Rainy,1,0,295,126
3036,2024-12-29,Fried Rice,9,351.13,Hot,0,0,32,431
3037,2023-03-24,Burger,14,482.06,Cloudy,1,1,229,415
3038,2024-07-10,Biryani,11,151.62,Sunny,1,1,296,358
3039,2024-04-26,Burger,1,483.39,Sunny,0,0,235,201
3040,2024-02-03,Juice,14,448.48,Cloudy,1,1,207,435
3041,2024-09-19,Noodles,18,298.03,Sunny,1,0,257,203
3042,2023-05-20,Salad,2,286.07,Cloudy,0,0,234,60
3043,2023-08-13,Cake,2,404.34,Hot,1,0,189,396
3044,2024-07-13,Sandwich,6,279.32,Sunny,0,1,65,171
3045,2024-12-09,Tea,3,348.46,Hot,1,1,236,439
3046,2023-08-17,Biryani,9,374.8,Sunny,1,1,131,65
3047,2024-09-30,Burger,19,214.92,Rainy,0,0,160,447
3048,2023-10-27,Noodles,13,311.38,Cloudy,1,0,109,54
3049,2023-11-12,Sandwich,7,332.33,Sunny,0,1,246,68
3050,2023-09-25,Pizza,13,162.3,Sunny,0,0,148,384
3051,2024-06-14,Pizza,7,338.16,Cloudy,1,0,79,285
3052,2023-11-15,Pizza,9,273.88,Sunny,1,0,229,179
3053,2024-04-24,Ice Cream,17,310.05,Rainy,1,0,204,313
3054,2023-04-13,Tacos,5,76.51,Hot,0,0,243,85
3055,2023-06-05,Ice Cream,1,163.9,Sunny,1,1,164,97
3056,2024-10-09,Juice,9,249.4,Cloudy,1,0,68,390
3057,2024-10-03,Salad,10,462.14,Rainy,0,1,167,65
3058,2023-11-30,Ice Cream,15,325.37,Sunny,1,0,108,378
3059,2024-01-31,Biryani,9,199.79,Hot,0,0,144,170
3060,2024-02-11,Coffee,9,312.13,Rainy,0,1,207,209
3061,2023-06-18,Sandwich,9,273.5,Cloudy,0,0,206,253
3062,2023-01-03,Sandwich,7,327.7,Hot,0,0,163,141
3063,2023-11-05,Cake,18,413.86,Hot,1,1,204,73
3064,2024-11-17,Cake,15,473.9,Sunny,1,0,48,378
3065,2024-05-25,Burger,7,324.61,Hot,1,0,293,55
3066,2023-06-13,Burger,1,349.62,Hot,1,0,56,179
3067,2023-12-04,Juice,15,327.27,Rainy,1,0,71,355
3068,2024-03-16,Noodles,16,409.87,Sunny,0,1,251,309
3069,2023-09-03,Burger,14,239.16,Sunny,0,1,149,52
3070,2023-11-25,Ice Cream,8,332.52,Sunny,1,1,138,308
3071,2023-09-19,Wrap,13,311.1,Cloudy,0,1,108,158
3072,2024-11-25,Tea,4,290.3,Rainy,1,1,255,370
3073,2024-08-13,Fried Rice,1,499.03,Cloudy,0,0,279,356
3074,2023-03-17,Cake,14,498.55,Sunny,1,0,221,60
3075,2024-06-25,Pasta,7,212.23,Hot,0,1,145,150
3076,2023-04-23,Noodles,13,333.5,Sunny,0,0,235,171
3077,2024-07-16,Ice Cream,3,55.07,Rainy,0,1,230,185
3078,2024-10-23,Noodles,6,334.54,Cloudy,1,0,88,490
3079,2024-08-31,Ice Cream,14,318.04,Rainy,1,1,81,194
3080,2023-01-02,Tea,8,484.49,Cloudy,1,0,41,361
3081,2024-09-02,Tea,1,167.42,Cloudy,1,1,228,383
3082,2023-12-09,Salad,15,171.32,Hot,1,1,105,356
3083,2024-07-23,Coffee,1,226.88,Sunny,0,1,106,120
3084,2024-11-19,Juice,14,207.57,Rainy,1,1,251,75
3085,2024-12-03,Juice,5,486.45,Sunny,1,1,192,162
3086,2024-02-10,Tea,17,448.63,Hot,0,0,201,335
3087,2024-09-28,Tea,15,72.76,Hot,0,0,238,109
3088,2024-01-26,Burger,18,450.29,Cloudy,1,1,59,210
3089,2023-02-03,Tacos,16,447.89,Sunny,1,0,77,153
3090,2024-03-06,Juice,12,291.33,Cloudy,0,0,286,382
3091,2023-04-24,Biryani,6,137.37,Cloudy,1,0,182,392
3092,2023-07-02,Burger,18,304.35,Rainy,1,1,283,175
3093,2023-12-02,Tacos,14,323.41,Cloudy,1,0,193,424
3094,2023-01-22,Coffee,1,116.29,Rainy,0,1,151,429
3095,2024-09-25,Tea,2,87.91,Sunny,0,1,188,382
3096,2023-03-23,Fried Rice,15,325.01,Cloudy,1,1,209,465
3097,2024-10-09,Cake,2,496.1,Hot,1,0,79,289
3098,2024-05-11,Pasta,12,142.75,Rainy,1,1,91,105
3099,2024-08-20,Cake,7,311.48,Sunny,1,0,277,141
3100,2023-10-25,Fried Rice,16,237.08,Sunny,1,1,74,87
3101,2023-01-03,Tacos,2,94.54,Rainy,1,1,219,385
3102,2023-05-21,Tea,4,463.93,Cloudy,0,0,215,100
3103,2023-10-22,Juice,4,463.2,Sunny,0,1,181,158
3104,2024-10-02,Pasta,12,349.97,Cloudy,1,1,30,171
3105,2023-12-04,Coffee,6,58.66,Rainy,1,1,211,293
3106,2023-10-18,Juice,1,261.93,Rainy,1,0,281,418
3107,2024-03-05,Cake,8,441.52,Hot,1,0,265,392
3108,2024-02-10,Pasta,15,185.49,Cloudy,1,1,254,137
3109,2023-05-13,Fried Rice,9,173.09,Cloudy,0,0,268,218
3110,2024-09-25,Sandwich,14,292.93,Sunny,1,0,218,113
3111,2024-05-26,Wrap,4,184.65,Sunny,0,1,287,477
3112,2023-05-10,Cake,14,100.79,Cloudy,1,1,182,218
3113,2024-04-06,Noodles,12,438.05,Rainy,1,1,275,428
3114,2023-05-12,Juice,17,347.32,Rainy,1,1,177,185
3115,2024-05-16,Noodles,12,348.39,Rainy,1,0,50,113
3116,2023-06-15,Ice Cream,11,187.32,Rainy,1,1,261,283
3117,2024-06-18,Juice,2,105.83,Rainy,1,1,45,386
3118,2023-03-25,Noodles,15,224.32,Rainy,1,0,33,130
3119,2024-04-04,Wrap,2,209.74,Rainy,1,0,199,464
3120,2024-07-15,Noodles,3,130.99,Rainy,0,1,21,350
3121,2024-08-30,Coffee,6,363.44,Sunny,0,0,77,259
3122,2024-02-25,Noodles,5,284.68,Hot,1,0,188,369
3123,2024-01-05,Coffee,15,95.26,Sunny,1,0,272,149
3124,2024-05-15,Tacos,4,116.43,Cloudy,0,0,75,136
3125,2024-09-21,Pasta,11,397.6,Hot,1,1,243,375
3126,2023-12-17,Coffee,13,240.35,Rainy,1,0,215,330
3127,2023-07-09,Cake,19,199.76,Sunny,0,1,221,226
3128,2024-09-16,Noodles,16,250.86,Hot,1,0,217,180
3129,2024-03-28,Tea,6,258.98,Cloudy,1,1,263,85
3130,2023-08-13,Sandwich,1,491.74,Sunny,1,1,120,172
3131,2024-09-06,Tacos,5,85.53,Hot,0,0,252,110
3132,2024-07-01,Tea,8,186.78,Sunny,0,1,206,86
3133,2023-06-11,Ice Cream,1,339.24,Cloudy,0,0,145,490
3134,2024-12-10,Tacos,13,204.46,Rainy,1,1,248,422
3135,2024-03-08,Pizza,17,191.23,Rainy,1,0,126,165
3136,2023-10-07,Coffee,6,461.18,Sunny,0,0,187,282
3137,2024-01-12,Salad,7,95.92,Sunny,1,1,122,394
3138,2023-12-23,Salad,8,223.48,Hot,1,0,22,128
3139,2024-07-11,Ice Cream,6,459.16,Sunny,1,1,76,328
3140,2024-06-01,Ice Cream,18,359.23,Hot,1,0,84,119
3141,2023-04-21,Sandwich,11,69.65,Cloudy,1,0,39,54
3142,2023-11-24,Noodles,2,259.01,Hot,1,0,119,179
3143,2024-01-22,Tacos,7,392.74,Cloudy,0,1,169,447
3144,2024-11-10,Ice Cream,8,426.52,Rainy,0,1,227,407
3145,2023-04-14,Salad,4,217.9,Hot,1,1,299,462
3146,2024-11-23,Coffee,1,124.21,Sunny,0,0,298,126
3147,2024-10-30,Sandwich,6,118.47,Rainy,0,1,203,238
3148,2023-06-08,Pizza,4,450.46,Hot,0,1,121,395
3149,2024-05-03,Pasta,4,293.07,Rainy,1,0,102,396
3150,2023-06-29,Sandwich,14,57.13,Hot,0,0,97,439
3151,2024-06-04,Ice Cream,3,142.1,Rainy,0,0,167,376
3152,2024-11-30,Burger,19,402.79,Hot,1,0,249,312
3153,2024-11-11,Coffee,14,471.76,Hot,1,0,104,225
3154,2023-01-30,Fried Rice,14,422.75,Rainy,0,0,80,110
3155,2024-06-18,Burger,11,297.03,Cloudy,0,1,87,247
3156,2024-09-02,Sandwich,2,116.59,Hot,0,1,155,410
3157,2024-06-03,Pizza,16,189.7,Rainy,1,1,31,83
3158,2023-11-09,Salad,9,254.82,Sunny,1,0,91,129
3159,2023-11-27,Tea,19,493.33,Rainy,1,1,246,438
3160,2024-09-22,Wrap,13,497.2,Cloudy,1,1,91,260
3161,2024-01-26,Biryani,15,121.77,Cloudy,0,0,93,115
3162,2024-11-09,Tea,12,59.41,Sunny,1,0,88,281
3163,2023-11-05,Burger,4,178.8,Cloudy,1,1,215,376
3164,2024-09-04,Tea,17,124.09,Rainy,1,0,107,243
3165,2023-02-28,Tea,12,477.52,Hot,0,1,247,68
3166,2023-04-05,Sandwich,14,121.18,Sunny,1,1,22,488
3167,2024-01-31,Cake,6,311.25,Sunny,1,1,158,172
3168,2024-01-20,Pasta,6,172.2,Rainy,1,1,243,279
3169,2024-08-22,Fried Rice,3,95.52,Sunny,1,1,32,314
3170,2023-01-25,Pizza,1,107.98,Cloudy,1,1,281,236
3171,2024-10-27,Biryani,13,389.63,Rainy,0,0,279,159
3172,2023-05-05,Fried Rice,6,485.06,Sunny,0,1,178,203
3173,2023-12-24,Ice Cream,12,282.55,Hot,0,1,231,104
3174,2024-06-01,Burger,12,101.55,Cloudy,0,1,160,477
3175,2023-03-20,Cake,19,253.78,Sunny,0,0,236,165
3176,2024-02-05,Juice,11,300.16,Sunny,0,1,154,351
3177,2024-04-23,Burger,6,159.54,Rainy,1,1,77,113
3178,2023-08-04,Sandwich,1,62.65,Sunny,1,0,240,354
3179,2024-06-24,Coffee,7,59.29,Rainy,0,1,97,121
3180,2024-11-01,Sandwich,7,139.59,Hot,1,0,294,461
3181,2024-06-16,Burger,19,248.49,Rainy,1,1,223,461
3182,2023-04-29,Wrap,13,87.25,Sunny,0,1,268,322
3183,2023-08-05,Pasta,17,346.27,Hot,1,1,101,253
3184,2024-05-14,Biryani,17,227.72,Hot,1,1,164,473
3185,2023-10-19,Noodles,8,93.52,Cloudy,1,0,223,316
3186,2023-08-09,Wrap,5,100.23,Sunny,1,1,258,64
3187,2024-10-21,Burger,13,289.18,Hot,1,0,247,453
3188,2024-03-27,Juice,1,256.49,Sunny,1,1,169,71
3189,2024-09-13,Pizza,1,484.48,Hot,1,0,182,366
3190,2024-03-29,Biryani,3,318.54,Cloudy,1,1,135,483
3191,2024-09-19,Tea,8,345.24,Sunny,0,0,70,113
3192,2024-11-11,Fried Rice,4,125.85,Sunny,1,1,83,393
3193,2024-02-03,Burger,13,345.75,Hot,0,1,108,455
3194,2024-07-08,Sandwich,6,359.94,Cloudy,0,1,139,366
3195,2024-01-22,Noodles,1,307.8,Rainy,0,1,276,111
3196,2023-11-02,Burger,2,268.22,Sunny,1,0,113,278
3197,2023-12-13,Fried Rice,10,68.35,Hot,1,1,69,123
3198,2023-03-15,Burger,4,257.59,Rainy,0,0,299,357
3199,2023-08-03,Fried Rice,11,283.73,Rainy,0,1,204,68
3200,2023-01-01,Burger,2,91.62,Sunny,0,1,185,276
3201,2024-11-17,Sandwich,18,173.52,Cloudy,0,0,278,421
3202,2023-09-08,Sandwich,11,278.07,Sunny,0,0,171,411
3203,2024-07-19,Tea,15,181.0,Sunny,1,1,114,498
3204,2024-06-04,Burger,1,229.94,Cloudy,0,0,204,394
3205,2023-02-19,Noodles,12,211.1,Hot,1,1,237,413
3206,2023-06-15,Burger,10,254.52,Rainy,0,1,172,445
3207,2024-08-12,Burger,16,364.75,Hot,0,1,41,375
3208,2024-03-25,Fried Rice,19,234.83,Rainy,0,0,291,374
3209,2024-12-20,Burger,14,389.85,Hot,1,0,59,242
3210,2024-04-29,Noodles,18,430.76,Hot,0,0,58,440
3211,2024-01-25,Ice Cream,10,410.95,Rainy,1,1,273,302
3212,2024-09-06,Cake,3,168.56,Rainy,1,1,190,358
3213,2023-09-17,Ice Cream,2,459.43,Cloudy,0,1,136,375
3214,2023-08-12,Tacos,5,130.0,Hot,1,0,55,272
3215,2023-01-08,Biryani,11,133.98,Hot,0,0,42,256
3216,2024-12-22,Tea,12,141.48,Rainy,0,0,104,176
3217,2023-01-17,Salad,4,396.94,Hot,1,0,151,385
3218,2023-09-30,Noodles,10,276.41,Cloudy,0,0,125,85
3219,2023-04-23,Tacos,8,83.14,Sunny,0,0,268,213
3220,2024-05-16,Biryani,6,333.63,Rainy,0,0,101,232
3221,2024-03-17,Coffee,11,397.6,Cloudy,0,0,245,407
3222,2024-01-11,Cake,3,467.02,Cloudy,0,0,167,86
3223,2023-03-17,Juice,8,372.91,Hot,0,1,235,483
3224,2024-08-25,Wrap,15,89.5,Sunny,1,1,151,208
3225,2023-04-28,Ice Cream,5,375.12,Sunny,0,1,220,335
3226,2023-07-09,Pasta,18,495.92,Rainy,1,1,97,236
3227,2024-03-17,Pizza,10,124.7,Hot,1,0,178,383
3228,2023-10-09,Cake,11,388.03,Sunny,1,1,107,477
3229,2023-02-13,Sandwich,7,117.27,Cloudy,0,1,196,120
3230,2024-02-02,Tea,6,472.95,Cloudy,0,1,176,353
3231,2024-12-08,Coffee,12,158.07,Rainy,1,0,259,101
3232,2023-07-11,Pizza,19,395.19,Rainy,0,1,268,318
3233,2023-02-11,Cake,2,403.79,Hot,0,1,169,233
3234,2023-06-14,Wrap,6,170.36,Sunny,0,0,264,114
3235,2023-11-14,Biryani,8,439.25,Hot,0,0,53,264
3236,2023-11-29,Coffee,15,66.3,Cloudy,0,1,238,63
3237,2024-12-30,Pasta,5,351.28,Rainy,0,1,190,171
3238,2024-08-07,Pizza,13,262.99,Sunny,0,1,200,141
3239,2024-11-18,Noodles,7,331.37,Sunny,0,0,37,401
3240,2024-08-30,Noodles,8,188.34,Sunny,1,0,38,236
3241,2024-08-07,Pizza,3,115.91,Sunny,1,1,81,272
3242,2024-04-22,Wrap,5,220.64,Cloudy,1,1,245,207
3243,2024-07-07,Ice Cream,3,454.61,Cloudy,1,0,198,369
3244,2023-07-05,Ice Cream,5,91.69,Rainy,0,0,275,476
3245,2024-05-29,Pasta,18,113.55,Cloudy,1,1,240,437
3246,2024-04-22,Noodles,3,187.74,Cloudy,0,0,154,495
3247,2023-07-22,Pizza,12,266.74,Sunny,1,1,101,295
3248,2023-08-17,Juice,14,417.65,Sunny,0,1,68,380
3249,2024-03-28,Tea,14,302.98,Hot,1,0,195,308
3250,2023-03-10,Wrap,5,446.5,Hot,1,1,294,338
3251,2023-05-09,Biryani,15,78.37,Hot,1,0,154,254
3252,2024-04-09,Noodles,15,437.45,Rainy,0,0,141,195
3253,2024-12-07,Cake,5,79.83,Hot,1,0,84,119
3254,2023-02-01,Juice,3,237.66,Hot,1,0,139,403
3255,2024-06-21,Tacos,3,285.24,Cloudy,0,0,67,356
3256,2023-07-31,Tacos,14,178.08,Cloudy,0,1,230,484
3257,2024-04-18,Juice,1,481.75,Rainy,1,0,258,293
3258,2023-04-19,Ice Cream,16,99.5,Sunny,0,1,135,253
3259,2023-12-13,Pasta,12,177.65,Hot,0,0,29,452
3260,2024-04-15,Burger,14,87.21,Hot,0,0,189,144
3261,2023-08-16,Wrap,16,473.89,Hot,1,1,63,161
3262,2023-08-13,Cake,5,124.66,Rainy,0,0,113,172
3263,2024-07-19,Burger,10,428.77,Hot,1,1,31,188
3264,2023-11-06,Cake,4,108.4,Cloudy,0,1,66,166
3265,2023-04-23,Tacos,9,463.84,Cloudy,0,0,22,171
3266,2024-09-24,Biryani,3,288.56,Rainy,1,1,72,499
3267,2023-10-14,Pizza,12,135.12,Cloudy,0,1,122,244
3268,2024-05-19,Noodles,10,82.7,Cloudy,0,0,226,256
3269,2024-05-26,Fried Rice,4,441.93,Rainy,1,0,128,136
3270,2024-06-11,Pizza,3,461.72,Sunny,1,0,154,197
3271,2023-04-19,Pizza,4,70.36,Cloudy,0,0,118,333
3272,2023-05-05,Fried Rice,9,178.62,Cloudy,0,0,33,493
3273,2024-12-07,Noodles,8,490.04,Hot,0,1,39,111
3274,2024-03-26,Sandwich,8,69.02,Cloudy,0,1,101,180
3275,2024-05-17,Noodles,16,410.95,Hot,0,0,225,266
3276,2023-04-27,Coffee,5,244.11,Rainy,1,1,216,211
3277,2023-04-06,Juice,5,170.6,Rainy,1,1,148,210
3278,2023-09-22,Burger,1,263.15,Hot,0,0,45,496
3279,2024-03-19,Burger,13,94.72,Hot,0,1,154,201
3280,2023-08-20,Cake,9,385.68,Hot,0,0,42,95
3281,2024-09-01,Salad,17,400.1,Hot,1,1,71,371
3282,2023-04-03,Wrap,1,494.11,Rainy,1,1,295,128
3283,2024-08-02,Salad,19,264.76,Sunny,0,1,154,318
3284,2024-05-09,Biryani,10,176.94,Cloudy,0,0,281,150
3285,2023-04-20,Wrap,16,290.77,Cloudy,0,1,298,301
3286,2023-12-11,Coffee,19,102.01,Hot,1,0,137,359
3287,2023-06-24,Sandwich,2,139.8,Hot,1,0,77,293
3288,2023-06-04,Pasta,9,136.38,Sunny,0,1,244,457
3289,2023-05-16,Salad,12,87.05,Hot,0,1,190,400
3290,2024-10-05,Biryani,14,420.74,Hot,0,0,228,458
3291,2024-03-03,Fried Rice,18,473.67,Hot,1,0,184,81
3292,2024-12-10,Coffee,2,233.57,Hot,0,0,77,281
3293,2023-09-07,Coffee,10,422.93,Hot,1,1,50,313
3294,2023-12-21,Pasta,7,112.24,Hot,0,0,250,347
3295,2024-09-14,Juice,10,423.33,Sunny,0,0,246,459
3296,2023-07-07,Ice Cream,11,87.36,Rainy,0,1,128,397
3297,2024-03-31,Wrap,19,106.52,Sunny,1,0,27,445
3298,2023-03-03,Wrap,1,274.9,Cloudy,1,0,235,198
3299,2024-03-20,Fried Rice,15,257.0,Cloudy,0,1,23,258
3300,2023-03-24,Fried Rice,10,129.6,Hot,0,1,29,442
3301,2024-04-07,Tacos,3,102.53,Rainy,1,0,50,395
3302,2023-07-08,Wrap,17,222.35,Sunny,1,1,30,279
3303,2024-01-12,Burger,14,128.44,Cloudy,0,1,230,124
3304,2023-09-18,Ice Cream,2,396.2,Sunny,0,1,146,218
3305,2023-10-18,Juice,8,110.48,Cloudy,0,0,252,135
3306,2023-10-07,Coffee,11,345.11,Rainy,0,1,92,327
3307,2024-03-26,Ice Cream,3,207.58,Sunny,0,1,69,420
3308,2023-01-19,Tea,16,267.22,Rainy,1,0,219,400
3309,2024-03-22,Burger,5,329.49,Sunny,1,0,23,448
3310,2023-05-02,Tea,18,448.0,Cloudy,0,1,220,457
3311,2023-05-18,Burger,12,338.58,Rainy,0,1,257,136
3312,2023-05-20,Coffee,5,167.11,Cloudy,1,1,160,74
3313,2024-04-02,Salad,8,150.17,Sunny,1,0,159,210
3314,2023-04-21,Cake,1,124.95,Sunny,1,1,159,437
3315,2023-04-06,Pasta,9,366.45,Rainy,1,1,288,178
3316,2023-02-15,Fried Rice,4,133.59,Cloudy,1,1,199,431
3317,2023-09-05,Sandwich,9,376.49,Rainy,1,0,235,321
3318,2023-01-03,Biryani,8,415.26,Hot,1,1,90,392
3319,2024-01-10,Coffee,4,247.02,Hot,0,1,21,477
3320,2023-02-25,Wrap,10,99.08,Sunny,1,1,233,324
3321,2023-09-27,Fried Rice,5,383.96,Sunny,0,1,206,89
3322,2023-03-04,Noodles,11,235.04,Sunny,0,0,206,141
3323,2023-07-16,Biryani,8,145.79,Rainy,0,1,203,213
3324,2023-10-16,Tea,4,262.76,Hot,1,0,39,397
3325,2023-03-10,Coffee,13,323.04,Rainy,0,1,34,234
3326,2024-01-17,Cake,16,160.71,Sunny,1,0,288,227
3327,2024-08-19,Coffee,6,120.78,Cloudy,0,1,71,426
3328,2023-06-28,Cake,10,497.68,Sunny,1,1,194,349
3329,2023-11-19,Pasta,3,304.14,Sunny,0,0,81,58
3330,2023-02-25,Biryani,16,344.26,Sunny,0,0,174,319
3331,2023-05-04,Tacos,13,233.89,Hot,0,1,137,232
3332,2024-04-28,Pizza,8,54.04,Hot,0,0,140,144
3333,2024-01-11,Biryani,15,411.92,Sunny,0,1,54,52
3334,2023-05-16,Ice Cream,17,474.55,Rainy,1,0,197,293
3335,2023-01-07,Pasta,8,291.5,Cloudy,1,0,67,273
3336,2024-01-17,Pizza,11,294.07,Hot,0,1,146,68
3337,2023-06-02,Juice,2,477.48,Rainy,0,0,104,329
3338,2024-08-12,Cake,11,388.65,Sunny,0,0,71,81
3339,2023-06-23,Biryani,19,60.2,Hot,0,0,281,365
3340,2024-02-06,Pasta,9,80.77,Cloudy,0,1,293,308
3341,2023-09-09,Wrap,1,66.13,Rainy,1,1,151,391
3342,2024-07-16,Ice Cream,7,447.27,Cloudy,1,1,195,318
3343,2023-04-02,Coffee,16,272.71,Sunny,0,1,136,322
3344,2023-12-11,Biryani,14,394.72,Hot,0,1,95,265
3345,2024-06-14,Noodles,4,89.0,Hot,1,1,185,353
3346,2024-12-18,Salad,1,276.12,Rainy,0,0,133,271
3347,2024-07-09,Tacos,2,197.74,Cloudy,0,1,105,162
3348,2023-05-08,Fried Rice,9,117.68,Cloudy,1,0,91,217
3349,2024-08-18,Salad,19,446.34,Hot,0,1,264,116
3350,2024-02-18,Tacos,11,202.36,Sunny,0,1,123,326
3351,2023-06-07,Fried Rice,19,247.74,Sunny,0,1,61,386
3352,2023-10-14,Pasta,16,266.34,Hot,1,0,22,168
3353,2024-05-26,Fried Rice,2,427.99,Rainy,1,1,104,300
3354,2023-08-30,Pasta,17,227.15,Hot,0,1,191,466
3355,2024-07-22,Salad,5,433.3,Cloudy,0,1,72,360
3356,2023-04-24,Pizza,9,57.77,Sunny,1,0,224,76
3357,2024-06-07,Cake,8,498.05,Sunny,0,0,195,385
3358,2024-01-03,Tacos,6,382.78,Hot,1,0,146,152
3359,2024-08-06,Tacos,7,352.9,Sunny,0,1,227,407
3360,2024-03-07,Fried Rice,13,225.77,Sunny,0,1,258,141
3361,2024-05-23,Wrap,10,123.41,Sunny,0,1,225,402
3362,2023-11-08,Biryani,7,122.89,Cloudy,1,0,150,230
3363,2024-09-24,Fried Rice,7,463.61,Hot,0,0,176,376
3364,2024-10-15,Pizza,19,123.33,Rainy,0,1,214,468
3365,2023-07-12,Salad,8,265.87,Sunny,0,0,183,169
3366,2023-12-10,Tacos,18,319.37,Hot,0,0,213,419
3367,2024-09-13,Sandwich,14,440.76,Rainy,0,1,150,368
3368,2023-01-31,Burger,18,106.9,Rainy,0,0,125,383
3369,2023-03-06,Salad,15,128.37,Cloudy,0,0,180,433
3370,2023-02-02,Pizza,13,348.0,Hot,1,0,78,218
3371,2023-08-21,Noodles,13,191.54,Hot,1,0,109,423
3372,2024-05-19,Juice,15,159.7,Sunny,1,1,210,460
3373,2024-05-05,Tea,15,158.58,Cloudy,0,0,57,94
3374,2023-10-02,Tea,13,481.68,Cloudy,1,0,32,452
3375,2023-12-03,Pizza,17,370.47,Sunny,1,1,155,212
3376,2023-11-26,Fried Rice,15,156.79,Sunny,0,0,206,334
3377,2023-09-11,Juice,17,143.72,Sunny,0,1,26,380
3378,2024-09-26,Juice,11,137.57,Sunny,1,1,232,481
3379,2024-05-19,Burger,5,222.0,Rainy,1,1,267,490
3380,2023-07-09,Salad,7,319.42,Rainy,1,1,251,285
3381,2024-10-23,Fried Rice,14,105.83,Cloudy,1,1,40,86
3382,2024-09-12,Salad,16,246.48,Rainy,0,0,102,275
3383,2023-04-30,Sandwich,14,494.41,Sunny,1,0,289,128
3384,2023-06-01,Tacos,3,189.71,Rainy,0,0,299,354
3385,2023-03-13,Biryani,2,277.52,Sunny,0,1,260,468
3386,2023-01-30,Tea,2,485.47,Rainy,0,0,279,377
3387,2023-09-11,Biryani,16,342.14,Sunny,0,1,167,56
3388,2024-03-20,Pizza,8,205.41,Cloudy,0,1,151,364
3389,2023-12-15,Salad,16,443.72,Hot,1,1,44,449
3390,2023-12-12,Fried Rice,16,404.06,Sunny,1,0,99,405
3391,2024-06-06,Pizza,18,57.89,Rainy,0,0,258,431
3392,2023-01-22,Pasta,16,377.14,Hot,1,0,173,257
3393,2023-10-02,Pizza,3,333.44,Rainy,0,1,75,178
3394,2023-03-17,Coffee,7,163.31,Hot,0,1,41,197
3395,2024-03-18,Noodles,8,317.46,Cloudy,1,0,124,423
3396,2023-02-05,Ice Cream,14,418.87,Sunny,0,1,96,366
3397,2024-05-30,Cake,13,118.69,Sunny,1,0,103,267
3398,2023-04-05,Noodles,2,234.26,Sunny,1,0,252,249
3399,2023-01-27,Sandwich,15,437.15,Hot,1,0,65,74
3400,2024-09-30,Pizza,8,229.92,Hot,0,0,149,186
3401,2023-04-16,Sandwich,7,476.9,Sunny,0,1,66,402
3402,2024-10-16,Pizza,11,286.82,Cloudy,1,0,91,221
3403,2024-03-07,Wrap,4,280.25,Hot,0,0,175,240
3404,2023-12-14,Wrap,18,200.89,Cloudy,0,1,273,473
3405,2023-04-19,Tea,18,209.37,Hot,0,0,68,390
3406,2024-02-04,Tea,10,310.85,Sunny,0,1,241,384
3407,2024-09-07,Cake,13,488.87,Rainy,0,0,78,177
3408,2023-07-13,Pizza,13,373.87,Sunny,1,0,136,86
3409,2024-10-14,Burger,10,71.83,Cloudy,0,1,121,339
3410,2023-09-24,Tea,7,56.58,Hot,0,1,206,494
3411,2024-09-10,Sandwich,18,475.5,Sunny,0,1,80,248
3412,2024-09-13,Salad,14,442.44,Sunny,0,0,275,109
3413,2024-09-19,Biryani,7,292.4,Cloudy,0,1,135,409
3414,2024-01-13,Burger,15,268.58,Rainy,1,0,174,190
3415,2023-03-21,Biryani,18,66.09,Sunny,1,0,191,105
3416,2023-07-03,Tea,15,354.33,Sunny,0,0,31,148
3417,2024-01-28,Burger,3,130.86,Sunny,0,0,233,297
3418,2024-04-15,Tea,3,315.58,Cloudy,0,0,144,318
3419,2024-05-26,Salad,4,245.92,Hot,0,1,66,300
3420,2023-07-08,Sandwich,11,273.8,Rainy,1,0,178,380
3421,2023-10-14,Salad,10,344.32,Sunny,0,0,198,158
3422,2024-04-20,Tea,13,370.72,Sunny,0,0,60,55
3423,2023-02-22,Noodles,15,290.22,Cloudy,1,1,193,420
3424,2024-12-01,Coffee,6,435.79,Sunny,1,0,59,420
3425,2024-09-14,Tea,3,301.75,Cloudy,0,1,253,169
3426,2024-08-19,Pizza,8,312.47,Cloudy,0,0,262,199
3427,2024-07-01,Coffee,8,358.09,Rainy,0,0,126,178
3428,2023-10-20,Pizza,11,215.69,Sunny,1,0,286,177
3429,2024-06-14,Tacos,9,426.26,Rainy,0,1,278,61
3430,2024-08-28,Tea,3,412.42,Hot,1,0,170,424
3431,2023-06-02,Noodles,12,154.71,Sunny,0,0,24,313
3432,2023-02-02,Fried Rice,4,144.53,Cloudy,0,0,255,291
3433,2024-09-17,Ice Cream,16,164.64,Sunny,1,0,271,152
3434,2024-06-04,Coffee,5,403.27,Rainy,1,1,249,265
3435,2023-05-05,Noodles,15,159.12,Sunny,0,0,46,93
3436,2024-10-01,Sandwich,7,423.58,Hot,0,0,282,97
3437,2023-04-24,Noodles,19,177.74,Hot,0,0,32,103
3438,2023-12-14,Pizza,6,70.85,Rainy,0,1,20,119
3439,2024-06-14,Noodles,13,86.28,Rainy,1,0,135,488
3440,2024-06-17,Juice,1,61.03,Cloudy,1,0,82,354
3441,2023-01-09,Coffee,16,230.24,Hot,1,0,208,211
3442,2024-10-30,Coffee,6,308.35,Hot,1,1,279,472
3443,2023-05-08,Sandwich,10,125.69,Hot,1,0,209,214
3444,2024-02-19,Salad,5,404.99,Hot,1,0,150,129
3445,2023-03-09,Tacos,9,66.33,Rainy,0,0,76,434
3446,2024-04-16,Ice Cream,19,54.48,Hot,0,0,20,392
3447,2023-11-04,Pasta,18,237.57,Cloudy,1,1,126,217
3448,2023-08-24,Tacos,5,208.67,Sunny,0,1,41,127
3449,2024-10-09,Ice Cream,11,311.12,Cloudy,1,0,76,131
3450,2023-09-11,Pizza,14,79.21,Sunny,0,0,47,180
3451,2024-05-26,Noodles,8,234.77,Sunny,0,0,110,202
3452,2024-04-15,Wrap,17,353.25,Rainy,0,0,114,478
3453,2023-06-16,Tacos,14,370.81,Cloudy,1,1,213,62
3454,2024-07-17,Ice Cream,17,401.0,Sunny,0,1,135,260
3455,2024-08-12,Coffee,9,96.88,Sunny,1,1,188,234
3456,2024-08-04,Cake,14,105.15,Rainy,0,0,253,491
3457,2023-05-14,Burger,18,76.03,Cloudy,1,1,112,167
3458,2024-04-30,Salad,5,465.18,Hot,1,0,257,434
3459,2024-01-02,Fried Rice,7,411.6,Hot,0,1,228,418
3460,2023-06-16,Ice Cream,8,483.99,Sunny,1,0,285,77
3461,2023-08-21,Cake,16,252.98,Hot,0,0,129,116
3462,2023-07-01,Wrap,5,150.71,Cloudy,0,0,90,341
3463,2024-03-26,Pizza,15,282.6,Rainy,1,1,119,204
3464,2024-03-06,Pasta,18,296.34,Rainy,0,1,235,114
3465,2023-12-08,Pizza,13,77.78,Sunny,0,1,167,195
3466,2023-06-10,Noodles,12,403.42,Cloudy,1,0,41,486
3467,2023-08-07,Biryani,8,370.02,Hot,1,1,159,50
3468,2023-01-13,Juice,6,456.47,Sunny,0,1,56,394
3469,2023-12-27,Noodles,7,170.59,Sunny,1,1,65,316
3470,2024-04-19,Noodles,9,422.96,Sunny,0,0,99,350
3471,2024-07-14,Cake,18,441.87,Hot,0,0,76,208
3472,2023-07-17,Pasta,18,310.94,Sunny,1,0,114,402
3473,2023-12-16,Pasta,7,393.23,Hot,0,1,172,299
3474,2023-04-05,Ice Cream,4,62.38,Rainy,1,0,283,447
3475,2023-08-20,Biryani,5,113.47,Rainy,1,0,174,338
3476,2024-04-19,Sandwich,5,453.9,Cloudy,1,0,65,122
3477,2023-09-30,Tacos,17,321.24,Hot,0,1,199,213
3478,2024-05-26,Salad,15,450.63,Hot,1,1,47,215
3479,2024-03-19,Biryani,10,241.79,Rainy,1,1,264,106
3480,2023-01-24,Cake,2,212.43,Hot,1,0,152,441
3481,2023-11-30,Burger,5,234.28,Sunny,0,0,47,87
3482,2023-11-03,Wrap,12,375.66,Rainy,0,0,66,110
3483,2023-08-16,Tacos,16,128.37,Sunny,0,1,195,192
3484,2024-08-19,Pasta,16,188.87,Rainy,1,0,192,105
3485,2023-04-30,Noodles,11,265.87,Rainy,1,0,185,259
3486,2024-06-15,Biryani,16,322.68,Rainy,1,0,76,93
3487,2023-03-26,Tacos,8,106.24,Rainy,1,1,191,179
3488,2024-08-25,Coffee,1,357.67,Sunny,0,0,134,207
3489,2024-12-05,Cake,12,56.61,Sunny,1,1,51,387
3490,2023-02-08,Cake,2,433.38,Sunny,1,0,105,55
3491,2024-07-17,Sandwich,13,400.64,Rainy,0,0,145,214
3492,2023-10-08,Burger,6,66.81,Rainy,1,1,244,239
3493,2024-12-23,Tacos,18,237.02,Sunny,0,1,209,392
3494,2023-10-18,Pasta,4,66.83,Sunny,1,0,201,210
3495,2023-11-01,Wrap,11,244.44,Hot,1,0,59,408
3496,2024-06-09,Wrap,11,417.24,Sunny,0,1,251,317
3497,2024-08-20,Tacos,10,231.52,Rainy,0,0,191,408
3498,2024-08-18,Burger,7,392.3,Hot,0,0,29,121
3499,2023-05-29,Ice Cream,16,122.95,Hot,0,1,132,428
3500,2024-07-15,Wrap,10,478.43,Cloudy,1,0,187,172
3501,2023-08-21,Tea,1,335.59,Cloudy,1,1,81,316
3502,2023-01-15,Biryani,14,78.84,Rainy,1,0,282,74
3503,2024-06-14,Wrap,5,351.11,Rainy,0,1,127,447
3504,2023-11-15,Tacos,16,147.77,Cloudy,1,1,166,418
3505,2023-02-09,Pizza,6,386.11,Rainy,0,0,209,146
3506,2024-09-15,Juice,16,476.64,Rainy,1,0,217,288
3507,2024-12-01,Biryani,12,419.26,Cloudy,1,0,107,157
3508,2023-08-17,Sandwich,13,452.65,Cloudy,1,1,248,328
3509,2024-10-05,Juice,4,158.96,Hot,1,0,151,87
3510,2024-05-30,Cake,7,351.53,Rainy,1,0,291,108
3511,2024-01-31,Pizza,4,74.06,Hot,1,0,211,342
3512,2024-10-07,Wrap,9,52.81,Hot,0,0,201,368
3513,2024-10-03,Juice,8,266.24,Rainy,1,1,162,100
3514,2023-11-22,Salad,5,291.94,Cloudy,1,1,106,475
3515,2023-01-13,Juice,19,486.62,Hot,1,0,268,102
3516,2023-08-23,Wrap,4,320.0,Rainy,0,0,260,421
3517,2023-11-20,Tacos,14,121.05,Rainy,1,1,175,150
3518,2023-04-20,Burger,8,270.32,Sunny,0,0,296,92
3519,2024-02-28,Noodles,15,232.81,Cloudy,0,1,73,484
3520,2023-09-17,Ice Cream,10,208.52,Hot,0,1,176,409
3521,2024-07-02,Wrap,18,326.21,Rainy,1,1,133,228
3522,2024-02-22,Wrap,7,362.41,Rainy,1,0,99,123
3523,2023-05-10,Burger,9,277.96,Rainy,1,0,29,99
3524,2023-01-08,Pizza,11,56.84,Rainy,1,1,47,147
3525,2023-02-05,Cake,8,476.77,Sunny,1,1,214,393
3526,2023-08-20,Fried Rice,11,396.08,Cloudy,0,0,85,325
3527,2023-12-30,Burger,6,263.09,Rainy,1,0,193,59
3528,2023-03-12,Fried Rice,19,136.92,Rainy,0,1,264,497
3529,2023-07-23,Salad,8,90.97,Rainy,0,0,235,427
3530,2023-06-14,Pizza,19,187.93,Sunny,1,1,218,315
3531,2024-05-20,Sandwich,10,414.94,Sunny,1,0,101,117
3532,2023-04-13,Pizza,7,60.91,Cloudy,0,1,90,395
3533,2024-02-14,Burger,18,343.12,Hot,1,1,35,382
3534,2023-11-10,Tacos,2,205.77,Cloudy,1,1,56,170
3535,2023-09-29,Noodles,11,419.68,Rainy,1,1,109,351
3536,2024-11-23,Wrap,18,55.58,Sunny,0,1,197,289
3537,2023-11-02,Juice,14,259.64,Rainy,0,0,135,465
3538,2023-09-20,Sandwich,5,62.28,Sunny,1,1,217,257
3539,2023-08-31,Sandwich,12,107.37,Rainy,0,0,261,89
3540,2023-06-26,Pasta,10,286.47,Rainy,1,1,40,243
3541,2024-06-19,Sandwich,10,339.99,Hot,0,1,144,299
3542,2024-12-06,Sandwich,8,411.55,Rainy,0,1,53,68
3543,2023-07-04,Coffee,8,400.73,Rainy,0,1,75,452
3544,2023-03-05,Noodles,1,450.67,Rainy,1,0,35,471
3545,2023-06-26,Biryani,11,124.61,Sunny,0,0,58,388
3546,2024-08-29,Ice Cream,10,190.3,Rainy,0,0,280,442
3547,2023-05-29,Tea,2,229.41,Rainy,1,0,140,79
3548,2024-11-08,Juice,14,292.83,Hot,1,0,243,274
3549,2023-08-01,Biryani,13,481.9,Rainy,0,0,214,186
3550,2023-12-04,Burger,8,449.76,Hot,1,1,264,218
3551,2024-04-09,Cake,16,126.87,Hot,0,1,204,127
3552,2024-09-12,Sandwich,7,281.69,Cloudy,0,0,187,378
3553,2023-04-23,Salad,19,107.63,Sunny,0,0,54,103
3554,2024-02-07,Fried Rice,17,127.91,Sunny,1,1,265,174
3555,2024-04-19,Pasta,2,104.8,Hot,0,1,124,346
3556,2024-08-12,Tacos,13,176.34,Hot,0,1,253,150
3557,2023-09-14,Wrap,13,396.6,Sunny,0,0,221,54
3558,2024-03-08,Juice,17,359.21,Cloudy,0,1,102,442
3559,2024-10-18,Biryani,8,410.87,Rainy,1,1,27,195
3560,2024-07-16,Tea,16,343.01,Sunny,0,1,130,340
3561,2023-06-23,Ice Cream,17,497.56,Sunny,1,0,194,325
3562,2023-05-31,Fried Rice,9,422.92,Cloudy,0,0,64,431
3563,2024-12-10,Cake,1,229.24,Sunny,1,0,102,191
3564,2023-02-09,Biryani,17,174.88,Hot,1,0,247,407
3565,2024-12-19,Cake,19,373.49,Hot,1,0,70,310
3566,2023-08-03,Wrap,5,83.03,Cloudy,1,0,46,58
3567,2023-02-25,Tea,9,70.88,Sunny,0,0,97,117
3568,2024-07-29,Burger,18,448.64,Cloudy,1,0,296,293
3569,2023-04-21,Noodles,11,435.01,Rainy,1,1,279,405
3570,2024-06-23,Pasta,18,305.64,Rainy,1,1,189,378
3571,2024-11-18,Wrap,9,89.51,Hot,0,1,159,435
3572,2023-04-22,Cake,17,448.28,Hot,1,0,203,473
3573,2023-03-20,Cake,10,496.0,Hot,0,0,134,78
3574,2023-06-01,Pasta,13,310.21,Cloudy,0,0,73,307
3575,2024-12-10,Cake,3,319.57,Sunny,1,0,299,138
3576,2023-02-12,Juice,5,139.46,Hot,1,1,180,265
3577,2024-08-25,Juice,7,87.25,Hot,0,0,67,121
3578,2023-10-06,Biryani,15,478.47,Hot,1,1,207,291
3579,2023-12-19,Burger,14,277.35,Sunny,0,0,83,379
3580,2023-02-15,Cake,15,176.66,Rainy,0,0,175,139
3581,2023-09-09,Juice,13,212.51,Sunny,0,0,132,354
3582,2023-07-31,Ice Cream,18,273.83,Cloudy,1,1,287,246
3583,2023-06-29,Pasta,11,374.23,Sunny,1,1,179,314
3584,2024-05-23,Wrap,5,468.74,Sunny,0,1,237,477
3585,2024-08-13,Tacos,12,485.26,Rainy,0,0,270,177
3586,2024-03-27,Burger,12,90.55,Cloudy,0,1,122,200
3587,2023-02-09,Pasta,16,435.52,Cloudy,1,1,280,422
3588,2024-06-03,Wrap,12,91.56,Hot,0,1,57,464
3589,2024-05-18,Coffee,2,140.76,Cloudy,1,0,299,136
3590,2023-04-29,Tacos,6,301.19,Sunny,1,1,261,287
3591,2024-02-08,Pizza,13,271.56,Cloudy,0,1,279,326
3592,2024-03-29,Wrap,14,389.93,Sunny,1,1,129,251
3593,2023-10-20,Noodles,18,144.03,Rainy,1,1,46,166
3594,2024-09-10,Tacos,14,106.3,Cloudy,0,1,45,199
3595,2023-05-02,Burger,7,499.13,Sunny,1,0,237,99
3596,2023-06-27,Juice,14,275.13,Rainy,1,0,86,415
3597,2023-05-30,Fried Rice,5,179.34,Hot,1,0,201,168
3598,2023-11-28,Burger,13,471.86,Rainy,1,1,65,466
3599,2024-04-28,Sandwich,7,201.39,Cloudy,0,1,94,353
3600,2024-10-11,Salad,14,336.13,Rainy,0,0,260,173
3601,2023-07-26,Wrap,13,144.1,Hot,1,0,111,444
3602,2024-09-08,Ice Cream,18,213.88,Rainy,1,0,243,315
3603,2023-07-05,Salad,9,432.01,Cloudy,0,0,41,148
3604,2023-10-24,Cake,15,446.01,Cloudy,0,0,277,193
3605,2024-07-30,Cake,8,141.99,Hot,0,0,299,79
3606,2024-10-15,Tea,18,314.86,Rainy,1,1,299,227
3607,2024-02-18,Salad,11,223.3,Cloudy,1,0,179,228
3608,2024-06-08,Juice,19,127.32,Rainy,0,0,134,98
3609,2024-12-20,Fried Rice,3,402.38,Hot,0,1,186,419
3610,2023-08-06,Tea,9,305.0,Cloudy,1,0,28,300
3611,2023-11-15,Burger,1,116.65,Sunny,1,1,167,223
3612,2023-12-14,Salad,19,111.24,Hot,0,1,28,287
3613,2024-06-17,Coffee,19,189.57,Hot,1,0,27,155
3614,2023-08-20,Cake,10,249.95,Sunny,1,1,270,307
3615,2023-10-14,Pasta,10,176.52,Rainy,1,0,211,432
3616,2023-10-27,Cake,16,499.93,Cloudy,0,1,180,62
3617,2023-02-14,Pizza,6,421.37,Sunny,0,0,250,369
3618,2023-02-16,Sandwich,14,210.75,Cloudy,1,0,139,327
3619,2024-12-20,Pizza,4,414.81,Sunny,1,0,170,443
3620,2023-10-07,Cake,11,264.84,Sunny,0,1,76,303
3621,2024-03-06,Cake,19,174.16,Cloudy,0,1,240,203
3622,2023-04-14,Juice,2,77.53,Sunny,1,1,119,314
3623,2024-09-15,Fried Rice,5,347.61,Hot,0,1,242,52
3624,2023-04-13,Tacos,18,164.91,Sunny,0,1,50,290
3625,2024-07-26,Tea,17,348.22,Cloudy,1,1,68,196
3626,2023-12-21,Wrap,11,368.2,Cloudy,1,0,220,138
3627,2023-06-04,Juice,4,498.05,Hot,0,1,113,294
3628,2024-09-20,Coffee,14,163.76,Sunny,1,1,102,473
3629,2023-04-05,Fried Rice,4,181.28,Sunny,1,0,262,439
3630,2023-08-27,Wrap,18,370.4,Rainy,0,1,235,112
3631,2024-03-29,Noodles,18,262.48,Sunny,0,0,87,327
3632,2024-05-14,Juice,13,362.04,Rainy,1,0,211,131
3633,2024-07-30,Fried Rice,12,488.36,Cloudy,0,0,203,75
3634,2024-11-24,Tacos,11,416.36,Sunny,0,0,119,209
3635,2023-01-29,Ice Cream,3,373.65,Cloudy,0,1,135,313
3636,2023-07-23,Pizza,18,454.75,Sunny,1,1,229,276
3637,2023-05-06,Fried Rice,7,427.87,Hot,1,0,250,179
3638,2023-11-14,Tea,5,416.97,Rainy,1,0,37,408
3639,2024-11-03,Salad,10,404.56,Cloudy,1,1,22,487
3640,2024-09-13,Juice,15,486.34,Rainy,0,1,31,118
3641,2024-12-06,Pasta,12,168.7,Cloudy,0,1,127,491
3642,2024-08-24,Ice Cream,6,289.61,Hot,0,0,267,283
3643,2023-07-13,Wrap,11,341.03,Rainy,1,1,219,222
3644,2023-06-26,Wrap,9,70.58,Sunny,1,1,111,317
3645,2023-06-11,Burger,3,179.52,Hot,1,0,249,402
3646,2024-10-23,Tacos,6,360.12,Rainy,1,0,218,358
3647,2024-09-16,Juice,13,485.35,Rainy,1,0,254,459
3648,2023-06-05,Wrap,6,474.25,Rainy,0,1,288,224
3649,2024-02-26,Ice Cream,2,198.67,Rainy,0,0,121,57
3650,2023-10-01,Noodles,16,150.92,Sunny,0,1,138,266
3651,2023-11-28,Pizza,2,230.94,Sunny,0,0,87,138
3652,2023-12-20,Tea,13,245.71,Cloudy,1,0,250,227
3653,2024-11-13,Ice Cream,10,291.49,Rainy,1,0,56,451
3654,2024-10-23,Juice,13,339.6,Rainy,0,1,212,213
3655,2023-07-29,Salad,12,271.84,Sunny,1,1,119,305
3656,2023-03-18,Noodles,16,242.02,Sunny,1,0,280,277
3657,2023-02-27,Salad,3,173.98,Sunny,0,0,121,423
3658,2023-10-23,Sandwich,12,62.4,Sunny,1,0,253,499
3659,2024-03-07,Pizza,8,264.1,Rainy,0,1,283,415
3660,2023-09-02,Tea,1,59.3,Hot,0,0,276,107
3661,2023-02-26,Wrap,19,291.97,Rainy,0,0,79,321
3662,2024-12-02,Juice,19,252.57,Hot,0,1,235,102
3663,2024-08-11,Biryani,15,439.25,Sunny,1,0,171,486
3664,2024-11-08,Biryani,1,274.79,Hot,0,1,62,390
3665,2024-06-07,Coffee,18,104.26,Rainy,1,1,137,63
3666,2024-04-13,Noodles,11,344.93,Sunny,1,1,114,258
3667,2023-03-02,Tea,18,117.11,Sunny,1,1,59,395
3668,2023-02-13,Biryani,18,88.22,Rainy,1,0,265,268
3669,2024-03-09,Fried Rice,6,406.29,Hot,0,1,78,184
3670,2023-05-13,Coffee,19,251.67,Sunny,1,0,259,94
3671,2023-04-22,Fried Rice,10,170.88,Hot,0,0,145,413
3672,2023-02-21,Ice Cream,4,188.55,Cloudy,1,1,131,380
3673,2024-08-17,Juice,9,404.46,Sunny,1,1,99,68
3674,2024-10-30,Salad,2,204.43,Sunny,1,0,294,329
3675,2023-04-13,Coffee,17,355.33,Rainy,0,0,291,285
3676,2024-10-08,Tea,4,283.66,Rainy,1,0,146,429
3677,2023-03-18,Salad,9,109.04,Cloudy,1,0,74,116
3678,2023-06-02,Tacos,2,233.9,Rainy,1,0,256,237
3679,2023-11-14,Tea,8,277.01,Hot,1,0,76,319
3680,2024-02-13,Juice,2,192.31,Sunny,1,0,298,312
3681,2023-01-06,Ice Cream,2,289.88,Rainy,1,0,158,449
3682,2023-11-13,Juice,7,442.98,Sunny,1,1,200,209
3683,2023-04-20,Ice Cream,9,319.19,Sunny,0,0,206,266
3684,2024-04-28,Cake,6,373.57,Hot,0,1,52,278
3685,2024-07-30,Salad,16,182.41,Sunny,0,1,217,383
3686,2024-04-13,Pizza,13,466.99,Hot,0,0,259,444
3687,2023-10-29,Burger,14,86.44,Cloudy,0,0,91,159
3688,2024-09-10,Burger,4,246.71,Sunny,1,0,146,204
3689,2023-06-10,Fried Rice,5,200.31,Cloudy,0,1,154,92
3690,2024-01-15,Coffee,13,475.94,Hot,1,1,186,263
3691,2023-01-12,Juice,7,318.54,Cloudy,1,0,254,101
3692,2024-11-09,Salad,9,466.79,Cloudy,1,1,163,490
3693,2024-02-03,Burger,19,380.16,Rainy,1,1,239,410
3694,2024-09-08,Pasta,12,349.04,Rainy,1,0,101,414
3695,2023-06-20,Pizza,15,478.14,Rainy,0,1,155,205
3696,2023-11-21,Tea,7,201.19,Hot,1,0,66,181
3697,2023-08-01,Juice,6,233.93,Hot,0,1,248,483
3698,2023-02-09,Ice Cream,13,386.46,Hot,0,1,182,486
3699,2023-12-30,Fried Rice,18,450.16,Sunny,0,0,199,223
3700,2024-01-15,Sandwich,9,243.71,Cloudy,0,1,286,74
3701,2023-06-14,Ice Cream,2,417.11,Cloudy,0,1,155,102
3702,2024-05-08,Biryani,7,421.54,Sunny,0,0,169,483
3703,2024-08-08,Fried Rice,8,305.71,Rainy,1,1,163,152
3704,2024-01-31,Coffee,15,125.59,Sunny,1,1,277,250
3705,2024-06-18,Burger,1,201.23,Hot,0,1,96,413
3706,2023-07-27,Tea,13,379.81,Rainy,1,1,49,440
3707,2023-03-26,Coffee,12,318.76,Cloudy,1,1,106,385
3708,2023-09-03,Ice Cream,4,143.37,Rainy,0,0,132,328
3709,2024-11-08,Biryani,6,388.42,Rainy,1,0,38,397
3710,2024-10-17,Fried Rice,4,122.24,Cloudy,0,1,298,81
3711,2023-09-18,Juice,9,81.9,Cloudy,0,0,87,313
3712,2024-04-18,Salad,19,379.34,Rainy,0,0,104,319
3713,2023-12-22,Ice Cream,15,245.46,Cloudy,1,1,278,150
3714,2023-03-26,Coffee,12,383.61,Rainy,0,0,203,315
3715,2024-01-17,Noodles,9,80.3,Rainy,1,0,232,466
3716,2023-11-11,Wrap,18,167.78,Sunny,1,1,32,127
3717,2023-10-09,Juice,18,319.86,Cloudy,1,0,47,67
3718,2024-12-29,Wrap,2,428.59,Rainy,1,1,53,348
3719,2023-08-24,Fried Rice,11,453.13,Sunny,1,1,135,236
3720,2024-10-27,Tea,16,131.01,Sunny,1,1,194,384
3721,2024-07-25,Burger,8,435.2,Sunny,0,1,283,185
3722,2023-05-27,Tacos,13,120.7,Rainy,0,1,145,125
3723,2023-08-21,Burger,9,119.58,Hot,1,0,37,459
3724,2023-09-10,Juice,16,84.36,Sunny,1,0,106,264
3725,2023-10-06,Pizza,16,450.0,Cloudy,1,1,44,416
3726,2024-01-23,Noodles,11,461.74,Sunny,0,0,70,61
3727,2024-01-25,Tacos,7,76.71,Cloudy,0,0,233,265
3728,2024-11-26,Wrap,6,477.36,Sunny,0,1,45,206
3729,2024-09-11,Sandwich,18,110.2,Sunny,0,0,212,424
3730,2023-01-19,Tea,18,130.7,Sunny,1,1,192,170
3731,2023-04-07,Tea,4,326.08,Sunny,0,0,134,407
3732,2023-08-29,Salad,8,125.71,Sunny,1,1,26,467
3733,2023-06-07,Pasta,9,331.46,Rainy,1,1,144,251
3734,2023-10-17,Juice,16,351.52,Sunny,0,1,69,170
3735,2023-08-29,Biryani,14,213.52,Hot,0,1,218,250
3736,2024-07-05,Pasta,15,366.88,Sunny,1,1,76,164
3737,2023-08-16,Coffee,7,283.39,Cloudy,0,0,229,256
3738,2023-06-17,Juice,2,286.07,Hot,0,0,228,170
3739,2024-03-19,Biryani,8,122.17,Sunny,0,0,289,344
3740,2024-12-11,Noodles,15,421.55,Rainy,0,1,138,414
3741,2023-10-28,Wrap,7,206.62,Sunny,0,1,210,80
3742,2024-06-08,Coffee,17,119.37,Sunny,1,0,34,150
3743,2023-06-06,Sandwich,14,412.81,Hot,0,0,170,53
3744,2023-06-07,Tacos,3,448.18,Cloudy,0,1,136,456
3745,2023-06-07,Tacos,19,59.73,Sunny,0,1,184,379
3746,2023-01-03,Pizza,3,449.42,Cloudy,0,1,211,172
3747,2024-09-01,Fried Rice,14,219.72,Rainy,1,0,75,150
3748,2023-06-04,Juice,12,408.63,Hot,1,0,258,196
3749,2023-10-30,Juice,8,401.4,Rainy,0,0,70,124
3750,2024-08-18,Wrap,1,235.35,Sunny,0,1,289,429
3751,2024-01-17,Sandwich,6,52.78,Sunny,1,1,172,388
3752,2023-12-31,Salad,11,376.56,Cloudy,0,1,231,314
3753,2024-08-11,Fried Rice,16,326.9,Rainy,1,0,141,321
3754,2023-12-07,Tea,17,238.08,Sunny,0,1,161,144
3755,2024-01-01,Tacos,9,142.27,Sunny,0,1,196,212
3756,2023-09-11,Juice,1,432.84,Hot,1,0,107,337
3757,2024-07-07,Tea,11,319.99,Cloudy,0,0,194,186
3758,2024-06-20,Biryani,8,445.95,Rainy,1,1,204,133
3759,2024-10-02,Cake,17,372.36,Hot,1,0,181,231
3760,2024-06-03,Fried Rice,15,397.45,Hot,0,1,64,160
3761,2023-02-06,Pasta,1,355.94,Cloudy,1,0,157,300
3762,2023-02-20,Tacos,8,193.61,Cloudy,1,1,139,186
3763,2024-09-28,Cake,12,229.87,Hot,1,1,45,340
3764,2024-04-05,Juice,15,51.42,Hot,1,1,83,441
3765,2024-07-27,Wrap,2,117.99,Rainy,1,0,44,155
3766,2023-10-15,Salad,14,400.71,Cloudy,1,1,213,349
3767,2023-10-08,Biryani,7,484.64,Rainy,1,1,56,188
3768,2024-03-14,Coffee,3,443.39,Hot,1,1,75,172
3769,2023-05-11,Sandwich,7,388.88,Rainy,1,1,61,75
3770,2024-01-27,Noodles,15,70.88,Hot,0,0,289,401
3771,2024-01-23,Burger,9,120.17,Cloudy,1,1,176,57
3772,2023-07-06,Tacos,2,355.77,Cloudy,0,0,191,390
3773,2024-07-20,Biryani,2,117.04,Sunny,0,1,234,279
3774,2023-06-29,Biryani,9,363.42,Hot,0,1,272,379
3775,2024-12-09,Noodles,18,174.92,Hot,1,0,293,174
3776,2023-03-25,Tacos,15,130.84,Rainy,0,0,219,132
3777,2023-07-10,Salad,3,479.0,Sunny,1,1,133,273
3778,2023-10-26,Fried Rice,3,230.88,Sunny,0,1,28,87
3779,2023-10-21,Ice Cream,3,167.5,Rainy,0,0,25,369
3780,2023-07-09,Juice,4,273.58,Hot,0,1,291,375
3781,2023-10-23,Burger,13,236.4,Sunny,0,1,134,140
3782,2023-08-12,Burger,4,398.5,Cloudy,0,1,262,320
3783,2024-08-19,Pasta,15,239.83,Rainy,0,1,40,203
3784,2024-01-05,Wrap,3,261.01,Sunny,0,0,223,72
3785,2024-01-11,Tea,12,147.33,Rainy,0,0,78,226
3786,2023-09-28,Tea,12,71.78,Cloudy,1,0,147,312
3787,2024-07-21,Sandwich,9,96.7,Sunny,0,0,152,322
3788,2023-06-20,Wrap,7,61.81,Cloudy,0,1,55,213
3789,2024-01-26,Wrap,13,201.32,Cloudy,0,0,192,477
3790,2023-03-24,Biryani,2,245.22,Cloudy,1,1,128,350
3791,2024-09-30,Pasta,11,373.56,Cloudy,1,1,295,434
3792,2023-05-20,Pizza,12,254.98,Hot,1,1,48,101
3793,2024-11-08,Tea,16,251.49,Cloudy,0,0,124,381
3794,2023-12-08,Salad,6,387.14,Rainy,0,1,241,371
3795,2023-02-25,Wrap,12,182.75,Cloudy,1,1,42,56
3796,2024-10-04,Pizza,13,467.05,Hot,1,0,51,53
3797,2023-03-22,Juice,2,387.52,Rainy,0,1,118,134
3798,2023-01-06,Noodles,15,73.06,Rainy,1,1,292,176
3799,2024-04-02,Juice,10,312.73,Rainy,0,1,286,369
3800,2023-08-06,Sandwich,1,403.77,Hot,1,1,188,271
3801,2023-06-27,Pasta,2,71.68,Rainy,1,0,241,259
3802,2024-11-12,Pasta,9,333.08,Hot,0,1,129,456
3803,2024-03-06,Wrap,1,303.98,Hot,0,1,61,394
3804,2023-07-19,Cake,15,154.96,Rainy,1,0,248,335
3805,2024-06-09,Biryani,5,108.16,Rainy,1,0,50,338
3806,2024-03-11,Noodles,16,295.8,Sunny,0,0,213,316
3807,2024-12-31,Noodles,7,170.87,Hot,0,1,223,95
3808,2023-06-21,Juice,8,54.93,Cloudy,0,0,87,386
3809,2023-12-22,Salad,7,381.28,Hot,0,0,287,498
3810,2024-03-09,Noodles,1,107.42,Rainy,0,1,34,486
3811,2024-01-06,Juice,16,423.91,Sunny,0,1,176,59
3812,2023-10-10,Salad,11,434.86,Sunny,1,1,79,425
3813,2024-05-19,Pizza,6,200.72,Hot,1,1,235,188
3814,2023-10-12,Biryani,10,498.76,Sunny,0,1,160,197
3815,2023-09-10,Salad,2,177.01,Sunny,1,1,64,98
3816,2024-12-14,Cake,8,50.63,Cloudy,1,1,130,469
3817,2023-01-31,Fried Rice,14,51.59,Rainy,0,0,35,76
3818,2023-09-06,Pizza,3,249.69,Rainy,0,0,225,333
3819,2023-12-04,Fried Rice,5,370.71,Rainy,1,0,122,185
3820,2024-09-07,Pasta,17,259.83,Hot,1,0,206,168
3821,2023-05-22,Wrap,13,275.21,Rainy,1,1,20,360
3822,2023-05-19,Fried Rice,14,401.32,Hot,1,1,220,396
3823,2024-01-05,Noodles,14,86.41,Rainy,1,1,178,299
3824,2024-04-01,Fried Rice,18,486.81,Sunny,1,1,177,165
3825,2024-07-05,Pasta,8,246.82,Sunny,1,0,174,356
3826,2024-05-28,Tea,13,205.15,Hot,1,0,60,171
3827,2023-12-07,Pasta,1,438.36,Cloudy,0,1,228,77
3828,2024-04-14,Burger,6,184.03,Hot,1,0,127,247
3829,2024-01-18,Juice,6,70.1,Rainy,0,0,197,66
3830,2024-06-07,Tea,7,314.68,Rainy,1,1,153,496
3831,2024-05-14,Tacos,7,307.95,Cloudy,0,0,287,434
3832,2023-04-16,Tacos,14,369.26,Cloudy,1,0,189,238
3833,2024-03-13,Juice,15,464.1,Cloudy,0,1,106,461
3834,2023-01-07,Salad,13,202.6,Sunny,0,1,68,479
3835,2024-04-10,Salad,13,145.4,Hot,0,1,77,383
3836,2023-07-15,Sandwich,17,395.12,Rainy,0,0,24,75
3837,2023-11-22,Tea,1,424.87,Cloudy,0,1,66,427
3838,2023-03-23,Biryani,13,380.25,Cloudy,1,0,181,414
3839,2023-08-28,Pizza,10,491.19,Hot,1,1,44,307
3840,2023-05-08,Noodles,7,81.56,Cloudy,1,0,192,225
3841,2024-08-02,Biryani,15,57.88,Sunny,0,1,298,420
3842,2023-12-04,Noodles,3,273.32,Rainy,0,1,229,86
3843,2024-12-27,Biryani,18,51.47,Sunny,1,0,166,61
3844,2023-02-27,Biryani,15,211.22,Cloudy,1,0,40,483
3845,2024-03-13,Biryani,9,177.71,Sunny,1,1,118,230
3846,2023-04-18,Pasta,1,165.81,Sunny,1,0,241,327
3847,2024-07-22,Wrap,11,66.21,Sunny,1,1,212,91
3848,2024-10-02,Burger,16,394.66,Cloudy,1,1,253,302
3849,2023-11-19,Wrap,4,81.68,Sunny,1,0,161,153
3850,2023-05-15,Biryani,19,336.18,Cloudy,0,0,274,173
3851,2024-10-22,Burger,1,334.3,Sunny,1,1,208,79
3852,2024-10-27,Wrap,19,405.0,Hot,0,1,288,182
3853,2023-12-28,Biryani,12,171.65,Sunny,0,0,112,274
3854,2024-02-29,Sandwich,11,98.07,Rainy,1,0,61,488
3855,2024-07-27,Juice,1,328.4,Cloudy,1,1,102,279
3856,2023-01-12,Biryani,12,87.72,Cloudy,0,0,65,361
3857,2024-12-23,Pizza,7,191.3,Rainy,0,1,95,449
3858,2024-06-20,Noodles,13,131.17,Rainy,1,0,184,267
3859,2024-03-03,Pasta,5,437.15,Cloudy,0,0,189,499
3860,2024-12-16,Wrap,6,376.46,Hot,1,1,177,400
3861,2023-04-29,Tacos,9,154.01,Hot,1,1,68,257
3862,2024-12-15,Ice Cream,3,406.49,Cloudy,1,0,50,331
3863,2024-09-27,Salad,7,383.95,Cloudy,0,1,77,327
3864,2023-06-21,Pasta,13,78.63,Hot,1,0,94,154
3865,2024-08-18,Tea,19,270.67,Rainy,1,1,124,91
3866,2023-09-15,Tacos,4,273.26,Hot,0,1,173,411
3867,2023-08-22,Fried Rice,5,301.5,Cloudy,0,1,158,402
3868,2024-03-07,Burger,8,385.97,Rainy,1,0,51,393
3869,2024-10-28,Cake,11,446.63,Hot,1,0,125,322
3870,2024-08-10,Burger,14,93.19,Rainy,1,0,27,200
3871,2023-10-27,Tea,5,210.74,Sunny,0,1,215,229
3872,2023-12-16,Noodles,18,422.77,Sunny,0,1,293,179
3873,2023-08-12,Pasta,7,445.68,Hot,1,1,105,454
3874,2023-12-01,Biryani,18,130.83,Cloudy,0,0,225,224
3875,2023-11-12,Burger,8,236.78,Hot,0,1,186,160
3876,2024-08-30,Noodles,9,150.29,Hot,0,1,37,309
3877,2024-11-21,Pizza,16,244.45,Hot,0,1,206,160
3878,2024-03-23,Fried Rice,5,442.13,Rainy,0,0,131,193
3879,2023-06-03,Cake,16,198.16,Rainy,1,0,59,197
3880,2023-12-15,Cake,18,117.06,Sunny,0,1,264,271
3881,2024-07-13,Burger,3,496.15,Cloudy,1,1,51,171
3882,2023-06-13,Tea,2,345.44,Hot,0,1,104,172
3883,2023-11-04,Fried Rice,4,271.84,Rainy,1,0,279,303
3884,2023-10-10,Noodles,7,216.19,Rainy,0,0,233,76
3885,2023-06-06,Salad,19,322.72,Sunny,1,1,220,88
3886,2023-04-20,Wrap,11,310.05,Rainy,1,1,145,308
3887,2024-01-07,Pasta,10,151.96,Cloudy,1,1,53,170
3888,2023-10-09,Fried Rice,16,396.31,Rainy,0,0,63,281
3889,2023-08-01,Coffee,19,270.17,Hot,0,0,206,391
3890,2023-08-09,Cake,10,403.25,Rainy,0,1,52,302
3891,2023-05-12,Salad,18,102.08,Sunny,0,0,257,75
3892,2023-07-28,Sandwich,1,108.76,Hot,1,0,81,192
3893,2023-10-30,Tacos,19,97.07,Sunny,0,1,171,361
3894,2023-04-23,Pasta,10,192.01,Rainy,1,1,281,161
3895,2023-11-19,Juice,6,272.0,Hot,1,1,129,208
3896,2024-03-23,Biryani,7,309.5,Cloudy,0,0,108,371
3897,2023-12-19,Burger,18,299.03,Cloudy,0,1,76,337
3898,2023-05-12,Fried Rice,2,252.21,Rainy,0,0,122,385
3899,2023-04-08,Coffee,3,289.37,Hot,0,0,63,324
3900,2024-01-13,Fried Rice,7,157.24,Rainy,0,1,27,213
3901,2023-01-04,Pasta,15,200.36,Rainy,0,0,49,469
3902,2024-12-03,Coffee,1,466.12,Cloudy,0,1,65,258
3903,2023-07-24,Pizza,15,370.75,Rainy,0,0,135,343
3904,2023-09-12,Ice Cream,5,128.09,Sunny,1,0,261,340
3905,2024-05-17,Biryani,1,288.74,Cloudy,1,1,190,295
3906,2024-02-17,Sandwich,2,148.95,Cloudy,1,1,213,407
3907,2023-05-01,Tacos,18,114.34,Sunny,1,1,22,228
3908,2024-06-18,Burger,19,155.16,Rainy,1,0,201,477
3909,2023-05-24,Tacos,1,396.7,Hot,0,0,133,81
3910,2023-05-15,Noodles,1,141.45,Rainy,1,1,186,389
3911,2024-07-11,Salad,14,283.29,Cloudy,1,0,45,122
3912,2024-07-27,Burger,7,257.49,Cloudy,0,1,112,420
3913,2023-11-27,Coffee,10,279.25,Cloudy,1,0,90,203
3914,2024-12-01,Coffee,12,87.64,Cloudy,0,1,251,56
3915,2024-05-16,Burger,11,186.57,Sunny,0,0,141,156
3916,2024-02-16,Biryani,4,356.44,Cloudy,1,0,105,491
3917,2023-02-26,Tea,12,358.88,Hot,1,0,24,294
3918,2024-04-21,Coffee,11,82.08,Cloudy,1,0,229,193
3919,2023-10-03,Juice,8,459.94,Cloudy,1,1,235,112
3920,2024-02-02,Biryani,4,217.27,Hot,0,0,43,241
3921,2023-10-30,Burger,12,178.62,Rainy,1,0,79,366
3922,2024-03-02,Cake,10,496.66,Sunny,0,1,82,364
3923,2023-07-15,Wrap,2,331.58,Sunny,0,1,176,331
3924,2024-11-10,Juice,9,265.38,Hot,0,0,47,200
3925,2024-08-20,Coffee,5,343.56,Sunny,0,0,58,310
3926,2023-10-14,Tea,17,312.05,Hot,1,1,88,310
3927,2024-08-25,Ice Cream,8,232.16,Hot,0,0,146,299
3928,2024-02-16,Cake,17,205.71,Rainy,0,1,115,217
3929,2024-05-17,Burger,2,442.38,Rainy,0,1,32,368
3930,2024-10-19,Pasta,10,297.63,Cloudy,1,1,132,203
3931,2023-08-06,Ice Cream,7,103.79,Hot,0,0,229,156
3932,2023-05-15,Cake,16,259.7,Cloudy,0,0,185,168
3933,2024-05-17,Noodles,19,334.11,Cloudy,0,1,34,114
3934,2023-04-25,Burger,3,329.9,Hot,0,0,54,92
3935,2023-03-03,Juice,10,172.37,Rainy,0,1,197,448
3936,2023-01-08,Noodles,10,152.23,Cloudy,1,0,258,430
3937,2023-03-30,Cake,7,173.02,Sunny,0,0,260,374
3938,2023-11-16,Wrap,4,147.55,Sunny,1,1,232,222
3939,2023-08-20,Fried Rice,12,424.57,Hot,0,0,49,321
3940,2024-04-10,Biryani,11,474.03,Sunny,0,1,127,189
3941,2023-09-26,Pizza,8,241.4,Hot,1,0,105,264
3942,2023-08-11,Tea,3,240.03,Hot,1,1,58,137
3943,2024-01-12,Ice Cream,5,255.51,Hot,0,1,168,378
3944,2023-07-27,Wrap,11,259.21,Hot,1,0,62,271
3945,2023-08-24,Tea,17,236.46,Sunny,0,0,219,103
3946,2024-11-20,Ice Cream,1,408.08,Sunny,0,1,290,189
3947,2024-07-09,Cake,11,190.77,Hot,1,0,106,483
3948,2023-07-03,Pizza,5,119.41,Hot,0,1,281,191
3949,2023-05-27,Fried Rice,7,445.42,Cloudy,0,1,267,433
3950,2024-09-29,Tacos,1,80.1,Hot,0,1,219,59
3951,2023-09-06,Biryani,18,180.11,Sunny,1,1,135,204
3952,2023-11-23,Burger,11,171.95,Hot,1,1,266,100
3953,2023-03-21,Biryani,18,71.17,Cloudy,0,1,191,399
3954,2023-04-21,Biryani,17,330.21,Hot,1,0,37,330
3955,2023-03-20,Biryani,19,107.31,Sunny,0,0,113,187
3956,2023-10-04,Salad,15,216.6,Rainy,0,1,83,439
3957,2024-03-01,Cake,11,225.59,Rainy,0,0,47,162
3958,2023-09-06,Tea,8,224.16,Hot,0,1,255,201
3959,2023-03-10,Pasta,19,270.73,Sunny,0,1,143,54
3960,2023-12-27,Ice Cream,17,127.46,Cloudy,1,1,278,403
3961,2023-06-10,Coffee,6,476.18,Hot,0,1,246,152
3962,2024-08-28,Biryani,4,101.02,Rainy,1,1,234,368
3963,2024-04-21,Fried Rice,14,493.74,Hot,1,1,195,493
3964,2023-03-15,Ice Cream,4,401.75,Hot,1,1,34,457
3965,2024-05-24,Coffee,11,295.73,Sunny,0,1,278,101
3966,2024-01-30,Biryani,13,325.72,Sunny,1,1,39,338
3967,2024-07-01,Fried Rice,3,311.85,Rainy,1,0,131,454
3968,2024-08-17,Salad,5,73.24,Cloudy,1,1,163,475
3969,2023-11-02,Salad,16,226.65,Hot,1,0,227,230
3970,2024-02-29,Noodles,19,57.81,Hot,1,0,125,85
3971,2024-03-09,Fried Rice,7,465.55,Cloudy,1,0,112,468
3972,2023-04-02,Pasta,13,230.15,Hot,0,1,224,55
3973,2024-12-31,Tacos,19,373.66,Cloudy,1,1,286,390
3974,2023-12-02,Salad,2,179.88,Rainy,0,0,111,187
3975,2023-03-03,Salad,14,141.66,Hot,0,0,261,220
3976,2024-12-11,Biryani,13,417.9,Hot,1,1,80,238
3977,2023-07-05,Tea,15,436.57,Rainy,1,1,212,203
3978,2024-10-09,Burger,15,440.72,Cloudy,0,0,79,127
3979,2024-02-27,Biryani,15,450.02,Sunny,1,1,123,423
3980,2024-02-29,Coffee,4,415.71,Sunny,1,0,89,479
3981,2024-12-18,Ice Cream,14,289.0,Cloudy,1,0,290,245
3982,2023-10-10,Sandwich,8,370.61,Hot,1,1,294,490
3983,2024-07-04,Tea,18,216.96,Hot,1,0,54,144
3984,2024-04-21,Noodles,12,296.2,Cloudy,0,1,51,195
3985,2024-01-30,Salad,6,214.17,Sunny,1,0,172,52
3986,2024-09-24,Biryani,15,305.89,Rainy,0,1,159,205
3987,2023-12-12,Coffee,1,163.98,Hot,0,1,66,405
3988,2023-06-24,Juice,3,68.45,Sunny,1,0,123,441
3989,2023-11-03,Juice,4,337.17,Cloudy,1,1,110,228
3990,2024-10-16,Coffee,7,329.8,Sunny,0,0,207,274
3991,2024-06-19,Fried Rice,15,389.4,Rainy,1,1,111,199
3992,2023-01-22,Salad,15,159.65,Hot,1,1,224,414
3993,2023-07-22,Juice,9,80.88,Sunny,0,1,188,428
3994,2023-06-04,Tea,3,394.11,Rainy,1,1,267,107
3995,2024-01-22,Biryani,7,214.54,Sunny,1,1,159,284
3996,2023-02-07,Burger,17,87.99,Cloudy,0,0,114,478
3997,2024-01-23,Fried Rice,14,400.04,Cloudy,1,1,132,475
3998,2023-11-25,Biryani,1,282.83,Hot,1,0,173,226
3999,2024-12-08,Tacos,11,439.16,Cloudy,1,0,119,92
4000,2024-03-06,Tacos,8,143.09,Cloudy,1,1,104,116
4001,2023-11-19,Coffee,16,385.36,Rainy,0,0,145,349
4002,2024-09-06,Salad,9,99.59,Hot,0,1,169,474
4003,2023-12-03,Tea,9,450.44,Cloudy,0,0,31,421
4004,2024-10-31,Tea,13,155.0,Hot,0,1,136,95
4005,2024-12-19,Tea,3,346.25,Cloudy,1,1,98,277
4006,2024-10-23,Tea,14,339.48,Sunny,1,1,193,299
4007,2023-02-16,Wrap,6,147.38,Sunny,0,0,166,435
4008,2024-01-18,Tacos,7,81.36,Sunny,1,0,248,464
4009,2023-03-06,Salad,9,268.91,Sunny,1,0,30,361
4010,2023-10-14,Fried Rice,15,394.49,Rainy,0,0,132,332
4011,2024-02-20,Fried Rice,5,248.84,Sunny,1,1,100,65
4012,2024-11-16,Salad,11,222.86,Rainy,1,1,37,101
4013,2023-05-06,Tacos,9,474.23,Hot,0,1,49,213
4014,2024-12-19,Burger,7,218.98,Cloudy,1,1,35,242
4015,2024-07-05,Biryani,13,136.17,Sunny,1,1,245,70
4016,2024-06-10,Wrap,12,69.96,Sunny,0,1,94,436
4017,2023-10-11,Coffee,5,404.94,Rainy,1,0,32,404
4018,2023-01-04,Salad,19,406.78,Sunny,1,1,176,363
4019,2023-01-20,Biryani,16,361.27,Sunny,1,0,28,237
4020,2024-09-18,Noodles,2,154.32,Hot,0,1,71,291
4021,2023-10-16,Tea,10,374.75,Rainy,1,0,293,257
4022,2024-07-19,Pizza,3,153.96,Rainy,1,1,237,207
4023,2023-09-09,Noodles,18,295.55,Sunny,0,1,148,95
4024,2023-02-22,Tacos,7,277.4,Hot,0,0,294,89
4025,2023-09-20,Noodles,1,123.35,Hot,0,0,81,280
4026,2024-04-16,Tacos,3,417.15,Hot,0,1,168,223
4027,2024-05-03,Cake,12,421.25,Cloudy,0,0,107,128
4028,2024-03-28,Wrap,14,476.56,Cloudy,1,1,199,90
4029,2024-06-29,Tea,13,160.67,Sunny,1,1,250,165
4030,2023-06-28,Juice,19,480.7,Hot,1,0,135,487
4031,2024-05-03,Burger,15,307.41,Hot,1,0,67,125
4032,2023-02-17,Noodles,7,120.58,Rainy,0,0,119,189
4033,2023-02-07,Tea,4,450.82,Sunny,0,0,213,441
4034,2024-01-03,Biryani,8,101.89,Cloudy,1,0,265,198
4035,2023-07-12,Cake,4,447.33,Hot,0,1,245,51
4036,2023-09-26,Juice,19,208.58,Cloudy,0,1,279,335
4037,2023-09-10,Cake,1,298.52,Hot,1,0,58,339
4038,2023-10-24,Cake,19,425.46,Hot,1,1,218,380
4039,2024-03-12,Tea,2,85.52,Sunny,0,0,191,100
4040,2024-09-13,Salad,2,344.44,Cloudy,0,0,168,307
4041,2023-09-29,Biryani,17,143.11,Rainy,1,0,187,71
4042,2023-11-09,Pasta,14,56.64,Cloudy,1,0,73,325
4043,2024-09-11,Pasta,8,214.5,Rainy,0,0,83,450
4044,2023-11-30,Fried Rice,14,431.67,Hot,1,1,75,140
4045,2023-01-27,Cake,9,416.81,Cloudy,1,1,20,165
4046,2024-11-13,Noodles,11,218.38,Cloudy,0,0,172,57
4047,2023-03-13,Juice,8,235.73,Cloudy,0,1,215,57
4048,2023-05-21,Pasta,8,490.44,Rainy,0,0,256,92
4049,2024-02-27,Wrap,12,434.58,Rainy,1,1,269,150
4050,2023-06-07,Coffee,11,202.78,Cloudy,0,1,69,448
4051,2024-06-02,Ice Cream,18,449.26,Sunny,1,1,194,465
4052,2024-05-19,Burger,10,277.21,Hot,1,1,97,280
4053,2024-02-01,Tacos,15,406.5,Hot,0,1,55,224
4054,2023-12-07,Noodles,17,341.88,Sunny,1,0,74,475
4055,2023-11-11,Salad,16,238.56,Hot,0,1,53,169
4056,2023-07-05,Tacos,14,147.27,Sunny,1,0,67,262
4057,2024-05-23,Biryani,1,244.99,Rainy,0,0,57,486
4058,2023-05-11,Salad,2,265.31,Hot,0,0,215,312
4059,2024-07-08,Sandwich,16,93.51,Cloudy,1,1,68,245
4060,2024-09-14,Pizza,4,76.3,Hot,0,0,97,235
4061,2024-07-01,Pasta,8,279.1,Cloudy,0,1,176,218
4062,2023-09-26,Tea,4,144.52,Rainy,1,0,168,380
4063,2023-08-24,Juice,18,369.16,Rainy,0,0,157,163
4064,2024-01-22,Fried Rice,6,185.64,Hot,1,0,82,52
4065,2023-11-03,Biryani,18,231.69,Rainy,0,0,270,206
4066,2023-03-10,Cake,4,477.3,Rainy,0,0,199,277
4067,2024-01-01,Salad,14,452.88,Sunny,1,0,235,255
4068,2024-03-13,Tea,12,256.95,Cloudy,0,1,164,354
4069,2024-11-14,Juice,13,64.38,Rainy,1,0,98,299
4070,2023-01-12,Cake,15,149.92,Hot,1,0,248,447
4071,2023-12-27,Sandwich,15,254.16,Rainy,1,0,227,67
4072,2024-11-10,Biryani,4,499.61,Hot,0,1,252,182
4073,2023-03-08,Ice Cream,12,145.66,Cloudy,1,1,271,343
4074,2023-01-21,Biryani,10,460.01,Rainy,1,0,173,472
4075,2023-11-07,Biryani,5,429.57,Cloudy,0,1,162,415
4076,2024-11-19,Sandwich,1,450.32,Rainy,0,0,94,285
4077,2023-12-01,Biryani,13,134.36,Cloudy,0,0,289,399
4078,2023-10-02,Salad,4,164.38,Rainy,1,0,47,275
4079,2024-03-02,Tea,4,360.32,Cloudy,0,0,130,369
4080,2024-08-28,Wrap,16,132.03,Cloudy,0,1,160,200
4081,2024-01-24,Ice Cream,13,335.57,Hot,0,1,34,174
4082,2024-08-04,Salad,19,297.9,Cloudy,0,0,244,123
4083,2024-11-28,Juice,13,364.96,Sunny,1,1,32,488
4084,2024-06-18,Sandwich,7,232.35,Sunny,0,1,172,417
4085,2024-01-03,Tacos,2,348.82,Hot,0,0,234,56
4086,2024-10-26,Pizza,19,70.83,Rainy,0,1,275,192
4087,2024-11-05,Juice,4,255.05,Hot,1,1,235,218
4088,2024-07-24,Tacos,7,478.39,Sunny,1,0,50,303
4089,2024-04-24,Biryani,14,433.74,Cloudy,1,1,238,308
4090,2023-06-14,Juice,2,320.99,Cloudy,0,0,232,464
4091,2023-01-23,Tacos,10,412.22,Cloudy,0,0,131,387
4092,2024-03-09,Noodles,12,394.47,Hot,0,1,22,60
4093,2024-08-08,Sandwich,10,356.61,Sunny,1,0,82,135
4094,2023-08-01,Salad,4,494.5,Rainy,0,0,238,460
4095,2023-02-10,Juice,1,317.29,Sunny,1,0,228,493
4096,2024-08-08,Cake,14,90.89,Hot,1,1,266,333
4097,2023-12-09,Biryani,8,461.06,Hot,0,1,181,230
4098,2023-01-21,Fried Rice,1,447.43,Sunny,0,1,276,460
4099,2024-05-26,Coffee,12,478.29,Sunny,0,1,183,403
4100,2023-03-26,Pasta,12,209.76,Cloudy,0,1,140,187
4101,2024-07-03,Burger,7,60.5,Cloudy,0,0,147,409
4102,2023-12-15,Ice Cream,7,224.55,Sunny,0,1,61,408
4103,2024-11-14,Pizza,10,225.71,Sunny,1,1,235,74
4104,2024-08-31,Biryani,5,168.2,Hot,0,0,199,209
4105,2023-08-02,Biryani,17,495.03,Cloudy,1,1,123,330
4106,2023-07-17,Tea,5,357.62,Sunny,0,1,62,101
4107,2024-05-09,Juice,5,85.24,Cloudy,0,0,138,476
4108,2023-06-19,Fried Rice,7,364.93,Cloudy,1,1,255,110
4109,2023-11-14,Tea,18,344.94,Hot,0,0,152,384
4110,2023-08-24,Sandwich,18,84.35,Cloudy,1,1,60,334
4111,2023-10-13,Burger,17,73.06,Cloudy,0,1,229,334
4112,2024-02-29,Noodles,17,131.81,Sunny,1,0,150,323
4113,2024-01-07,Noodles,2,231.21,Sunny,1,1,116,104
4114,2023-07-07,Pizza,14,314.11,Sunny,0,0,38,307
4115,2023-05-30,Tea,2,91.54,Sunny,0,0,121,395
4116,2023-07-27,Salad,15,57.07,Cloudy,0,1,116,259
4117,2023-12-16,Ice Cream,3,190.54,Sunny,1,1,93,59
4118,2024-07-06,Burger,12,251.99,Sunny,1,0,192,455
4119,2024-07-16,Salad,2,292.96,Sunny,1,1,255,310
4120,2023-09-10,Burger,16,167.18,Sunny,1,0,123,439
4121,2024-03-30,Tacos,5,389.28,Cloudy,0,0,253,101
4122,2023-11-01,Pasta,2,163.21,Cloudy,1,0,66,135
4123,2023-09-10,Noodles,2,383.31,Cloudy,0,1,186,492
4124,2023-11-20,Sandwich,13,359.15,Hot,1,0,175,76
4125,2023-12-29,Pasta,15,101.85,Cloudy,1,1,203,102
4126,2024-12-25,Tea,3,321.07,Rainy,1,1,172,295
4127,2023-09-15,Salad,19,238.96,Sunny,1,1,187,270
4128,2023-01-15,Noodles,4,211.56,Rainy,1,0,154,344
4129,2023-06-15,Cake,17,83.81,Rainy,1,0,242,219
4130,2024-06-26,Salad,12,156.19,Sunny,0,0,131,489
4131,2024-07-16,Sandwich,6,82.81,Sunny,0,1,186,171
4132,2023-05-14,Noodles,6,220.59,Rainy,0,0,43,104
4133,2024-11-02,Wrap,17,148.79,Sunny,0,1,111,381
4134,2024-01-08,Burger,2,73.96,Rainy,1,0,299,486
4135,2024-03-12,Ice Cream,9,444.95,Cloudy,1,1,138,158
4136,2024-07-10,Burger,6,211.45,Hot,1,0,290,409
4137,2023-05-01,Cake,7,161.35,Hot,0,1,89,471
4138,2023-08-22,Pizza,15,363.59,Sunny,0,0,292,241
4139,2024-07-13,Noodles,1,54.7,Hot,0,0,140,140
4140,2023-10-09,Fried Rice,11,488.85,Cloudy,1,1,173,318
4141,2023-08-07,Biryani,14,265.42,Hot,0,0,271,227
4142,2023-05-31,Wrap,10,196.9,Sunny,1,0,254,412
4143,2023-09-24,Coffee,6,68.87,Sunny,0,0,84,285
4144,2024-07-08,Biryani,4,486.37,Cloudy,0,0,137,262
4145,2023-07-19,Noodles,14,301.12,Sunny,0,1,198,385
4146,2023-02-09,Tacos,16,345.9,Sunny,1,0,179,450
4147,2023-04-13,Wrap,17,171.92,Sunny,1,1,194,178
4148,2023-12-28,Tea,6,228.21,Rainy,1,0,62,433
4149,2024-05-01,Biryani,5,493.79,Sunny,0,0,99,396
4150,2024-06-04,Fried Rice,11,133.66,Sunny,1,0,290,383
4151,2024-04-25,Ice Cream,5,488.31,Sunny,0,1,199,391
4152,2023-06-25,Salad,9,236.05,Sunny,0,1,147,259
4153,2024-01-10,Wrap,6,465.6,Hot,1,1,225,252
4154,2023-12-04,Pizza,15,310.64,Hot,0,0,27,244
4155,2023-11-13,Tea,16,418.29,Hot,0,0,239,376
4156,2024-09-25,Fried Rice,3,435.87,Cloudy,0,0,126,463
4157,2023-06-05,Sandwich,17,409.71,Hot,0,0,242,279
4158,2024-05-20,Fried Rice,4,133.41,Rainy,0,1,30,474
4159,2024-01-17,Pasta,2,365.63,Sunny,0,0,229,137
4160,2023-11-06,Pizza,2,474.27,Sunny,1,0,135,170
4161,2024-08-22,Burger,1,333.55,Hot,1,0,21,185
4162,2024-03-25,Ice Cream,18,203.39,Rainy,1,0,79,295
4163,2024-12-18,Tea,5,338.4,Cloudy,0,0,226,426
4164,2024-05-31,Cake,8,483.63,Cloudy,1,0,154,298
4165,2023-07-04,Noodles,10,70.3,Rainy,1,0,65,243
4166,2023-04-28,Salad,4,92.45,Cloudy,0,1,288,230
4167,2024-10-08,Pizza,3,328.35,Cloudy,1,1,151,437
4168,2023-07-01,Fried Rice,17,91.85,Sunny,0,0,117,276
4169,2023-01-08,Biryani,10,106.56,Cloudy,0,0,75,94
4170,2023-09-13,Pizza,4,239.19,Sunny,0,0,254,106
4171,2024-08-21,Wrap,4,174.83,Hot,1,1,201,131
4172,2023-12-17,Tacos,11,290.89,Cloudy,1,0,109,73
4173,2024-07-15,Biryani,19,99.98,Hot,0,1,34,172
4174,2024-07-27,Noodles,2,136.45,Hot,0,0,180,169
4175,2024-01-14,Salad,5,309.85,Rainy,1,0,49,384
4176,2023-06-27,Biryani,5,332.67,Hot,1,0,270,371
4177,2024-09-07,Sandwich,16,201.08,Sunny,1,1,146,384
4178,2024-01-20,Burger,15,135.85,Hot,1,0,54,52
4179,2024-07-31,Biryani,15,222.29,Sunny,0,1,234,183
4180,2023-08-01,Tea,13,351.13,Rainy,1,0,41,165
4181,2023-07-31,Burger,12,460.39,Rainy,0,1,205,68
4182,2023-03-09,Coffee,5,322.33,Cloudy,0,0,31,170
4183,2024-08-03,Wrap,10,155.87,Cloudy,0,1,122,414
4184,2024-10-01,Sandwich,17,324.67,Sunny,0,1,146,172
4185,2024-03-18,Cake,9,448.34,Hot,1,1,119,372
4186,2024-06-03,Sandwich,3,283.75,Hot,1,0,86,467
4187,2023-07-10,Ice Cream,10,410.71,Rainy,1,0,141,67
4188,2023-06-08,Wrap,9,134.38,Sunny,0,0,97,165
4189,2024-09-09,Ice Cream,5,392.06,Rainy,0,1,132,488
4190,2024-03-17,Pasta,1,475.86,Rainy,0,0,26,102
4191,2024-02-04,Ice Cream,12,306.11,Hot,0,1,37,155
4192,2024-10-09,Burger,6,62.65,Hot,1,1,135,226
4193,2024-06-23,Pasta,6,86.06,Cloudy,0,0,167,477
4194,2024-04-30,Salad,4,331.42,Sunny,1,0,93,104
4195,2023-03-12,Cake,10,456.17,Cloudy,0,1,30,334
4196,2024-10-27,Fried Rice,1,423.59,Rainy,0,1,130,353
4197,2024-04-27,Tea,1,239.64,Sunny,1,1,122,335
4198,2023-07-28,Juice,12,79.82,Hot,1,0,119,237
4199,2023-03-09,Wrap,12,87.01,Rainy,1,0,237,405
4200,2023-10-17,Sandwich,7,462.92,Cloudy,0,1,159,293
4201,2023-11-06,Tacos,9,396.52,Sunny,1,0,281,110
4202,2024-08-13,Ice Cream,3,294.94,Cloudy,0,1,89,253
4203,2023-10-21,Wrap,3,310.42,Hot,0,0,115,50
4204,2024-09-10,Burger,3,121.89,Hot,0,0,208,466
4205,2024-02-27,Noodles,9,373.77,Rainy,1,0,296,487
4206,2024-09-16,Juice,10,273.44,Cloudy,1,1,265,299
4207,2024-01-30,Wrap,14,418.41,Cloudy,0,1,239,264
4208,2024-02-04,Coffee,4,146.47,Rainy,1,0,281,356
4209,2024-06-06,Pizza,1,215.58,Sunny,1,1,295,338
4210,2023-04-01,Pasta,12,82.77,Hot,0,0,121,488
4211,2024-04-05,Salad,2,62.94,Sunny,1,1,281,414
4212,2024-11-02,Tacos,10,487.02,Cloudy,1,1,259,208
4213,2023-12-24,Ice Cream,17,138.99,Sunny,1,1,213,76
4214,2023-08-25,Noodles,13,389.3,Hot,0,1,283,114
4215,2024-05-07,Fried Rice,4,150.76,Sunny,0,1,229,186
4216,2024-09-13,Tea,9,186.17,Hot,1,1,159,494
4217,2024-02-29,Pasta,17,441.07,Cloudy,1,0,236,90
4218,2023-10-04,Sandwich,10,58.02,Rainy,1,1,35,111
4219,2023-11-29,Fried Rice,6,119.81,Sunny,0,0,109,482
4220,2024-03-14,Wrap,15,225.45,Hot,1,0,212,312
4221,2024-11-17,Cake,5,428.99,Sunny,1,1,212,136
4222,2023-12-24,Tea,1,365.75,Cloudy,0,1,196,388
4223,2024-10-30,Fried Rice,3,101.79,Rainy,0,0,171,271
4224,2024-09-08,Pasta,11,101.67,Rainy,0,1,166,498
4225,2023-09-20,Ice Cream,6,99.53,Rainy,0,1,117,402
4226,2023-12-16,Tea,18,93.13,Cloudy,0,0,216,397
4227,2023-11-26,Tea,7,362.74,Cloudy,0,1,269,432
4228,2023-04-16,Salad,16,420.55,Sunny,1,0,157,302
4229,2023-11-01,Juice,12,261.81,Cloudy,1,1,195,356
4230,2024-11-30,Pizza,3,124.36,Rainy,0,0,26,443
4231,2023-08-04,Noodles,3,112.34,Cloudy,1,1,110,496
4232,2023-09-26,Cake,5,420.85,Hot,0,1,118,462
4233,2023-11-30,Juice,4,439.11,Hot,0,1,197,329
4234,2023-11-17,Biryani,16,200.2,Rainy,1,1,215,449
4235,2023-10-26,Coffee,8,264.38,Rainy,1,0,197,258
4236,2024-03-09,Pizza,5,425.25,Hot,0,1,177,169
4237,2024-10-26,Biryani,8,212.33,Hot,0,1,282,69
4238,2023-07-23,Tea,6,268.87,Sunny,1,0,126,331
4239,2024-11-04,Juice,16,140.79,Hot,1,0,271,178
4240,2024-02-20,Burger,1,399.36,Sunny,1,1,132,161
4241,2024-09-23,Pasta,3,67.72,Hot,0,1,124,85
4242,2024-07-14,Tacos,11,309.06,Hot,1,1,205,168
4243,2023-05-28,Cake,11,199.14,Sunny,1,1,89,93
4244,2023-11-13,Tea,10,72.87,Rainy,1,1,186,415
4245,2023-11-21,Biryani,15,169.13,Hot,0,1,203,86
4246,2024-05-17,Ice Cream,9,70.13,Cloudy,0,1,223,441
4247,2024-10-21,Pasta,19,329.84,Hot,0,0,102,337
4248,2024-01-29,Wrap,11,335.36,Hot,0,1,280,113
4249,2023-07-02,Salad,2,117.1,Hot,1,0,207,378
4250,2023-03-07,Tea,15,171.26,Rainy,1,0,233,377
4251,2024-12-06,Burger,8,169.3,Rainy,0,0,191,183
4252,2023-05-04,Noodles,16,250.23,Hot,0,0,25,423
4253,2024-08-05,Pasta,16,182.42,Sunny,0,0,100,436
4254,2024-07-28,Biryani,12,291.7,Cloudy,0,0,218,173
4255,2024-08-14,Pasta,15,151.82,Hot,1,0,111,327
4256,2024-02-11,Ice Cream,7,92.16,Rainy,0,1,145,99
4257,2023-09-12,Pizza,8,139.71,Sunny,1,1,196,462
4258,2024-12-27,Sandwich,19,197.73,Cloudy,0,1,43,94
4259,2024-04-17,Coffee,8,451.46,Hot,1,1,134,243
4260,2024-06-04,Salad,15,134.14,Cloudy,1,1,295,331
4261,2023-03-31,Juice,14,312.75,Cloudy,1,0,231,229
4262,2023-02-18,Cake,18,273.46,Hot,0,1,223,409
4263,2024-07-19,Cake,6,119.16,Cloudy,0,1,147,101
4264,2023-10-12,Tacos,11,264.23,Hot,0,0,165,111
4265,2023-09-02,Burger,6,481.93,Cloudy,1,1,246,480
4266,2024-12-05,Sandwich,11,291.17,Sunny,0,0,69,399
4267,2023-06-11,Fried Rice,12,63.43,Sunny,1,0,157,111
4268,2024-12-22,Tacos,12,93.16,Rainy,0,1,62,397
4269,2023-11-13,Tea,14,93.51,Cloudy,1,1,128,490
4270,2023-07-05,Tea,4,326.27,Cloudy,1,1,62,89
4271,2024-08-19,Cake,8,214.73,Hot,1,0,256,58
4272,2023-02-25,Salad,7,110.68,Hot,1,1,108,143
4273,2023-09-12,Tacos,9,195.47,Sunny,0,1,212,72
4274,2023-04-15,Pasta,13,303.08,Hot,0,1,183,459
4275,2023-03-10,Tacos,11,262.22,Sunny,1,0,65,297
4276,2024-10-30,Salad,9,111.26,Sunny,0,1,83,205
4277,2024-08-19,Wrap,17,339.54,Cloudy,1,0,254,143
4278,2024-06-15,Noodles,4,410.2,Cloudy,1,1,172,290
4279,2024-12-03,Tacos,5,66.13,Sunny,0,1,52,301
4280,2024-12-06,Cake,13,324.47,Cloudy,0,0,23,324
4281,2024-08-15,Burger,17,53.08,Rainy,1,0,66,333
4282,2023-05-19,Tacos,5,145.17,Rainy,1,0,250,248
4283,2023-04-23,Pizza,16,352.23,Sunny,0,0,155,279
4284,2024-04-11,Salad,18,474.49,Hot,0,0,116,385
4285,2024-01-09,Coffee,13,396.05,Hot,1,1,276,295
4286,2024-07-02,Juice,10,141.54,Hot,1,1,109,106
4287,2024-10-22,Juice,13,242.75,Hot,1,1,274,456
4288,2023-05-29,Noodles,19,310.99,Sunny,1,0,33,93
4289,2023-04-21,Sandwich,9,395.63,Sunny,0,0,57,68
4290,2023-09-20,Juice,16,197.25,Sunny,1,1,134,405
4291,2023-12-12,Tacos,3,235.12,Sunny,0,0,232,229
4292,2024-08-20,Tea,13,305.32,Sunny,0,0,65,84
4293,2024-01-11,Fried Rice,15,195.91,Rainy,0,0,77,490
4294,2023-04-09,Cake,19,198.53,Sunny,0,0,186,181
4295,2024-06-15,Wrap,15,435.7,Cloudy,0,0,291,457
4296,2023-10-06,Sandwich,15,310.27,Cloudy,0,0,277,114
4297,2024-07-26,Sandwich,19,272.71,Rainy,0,1,274,155
4298,2024-12-08,Biryani,4,61.54,Cloudy,0,0,261,194
4299,2023-10-01,Burger,19,450.01,Sunny,0,1,35,66
4300,2023-04-23,Tea,1,450.92,Hot,0,0,72,438
4301,2023-08-13,Sandwich,16,472.85,Cloudy,1,0,23,114
4302,2024-05-26,Ice Cream,15,439.28,Rainy,0,1,155,153
4303,2024-11-23,Noodles,19,492.99,Sunny,0,1,102,440
4304,2024-07-25,Sandwich,4,274.28,Cloudy,1,1,161,427
4305,2024-11-22,Noodles,13,435.29,Hot,1,1,82,166
4306,2023-10-30,Noodles,15,83.0,Rainy,0,0,163,315
4307,2024-06-11,Biryani,14,220.11,Cloudy,0,0,139,493
4308,2024-01-27,Burger,10,437.25,Cloudy,0,1,27,308
4309,2023-11-19,Sandwich,8,393.0,Sunny,0,1,267,406
4310,2024-02-12,Cake,7,288.01,Sunny,0,1,297,431
4311,2023-08-01,Pasta,14,455.23,Cloudy,0,1,248,237
4312,2023-11-19,Tacos,14,77.9,Rainy,0,1,136,366
4313,2023-02-01,Pizza,3,174.96,Sunny,1,0,163,348
4314,2024-12-27,Juice,11,475.62,Cloudy,1,1,202,254
4315,2024-02-17,Biryani,18,238.67,Rainy,1,0,26,334
4316,2023-06-25,Biryani,2,437.09,Hot,1,0,256,483
4317,2024-08-15,Burger,5,127.68,Rainy,1,0,59,481
4318,2023-12-05,Sandwich,3,495.35,Hot,1,1,210,77
4319,2024-11-11,Pizza,3,143.1,Sunny,0,0,295,451
4320,2024-06-07,Cake,17,185.72,Cloudy,0,1,79,223
4321,2023-06-30,Sandwich,10,423.46,Sunny,0,1,162,404
4322,2023-05-10,Pizza,16,343.19,Hot,0,1,251,253
4323,2023-12-01,Coffee,1,177.99,Rainy,0,0,93,91
4324,2024-07-20,Burger,13,168.69,Cloudy,0,0,48,329
4325,2023-04-17,Juice,16,259.81,Hot,1,1,103,332
4326,2024-02-04,Tacos,14,162.47,Hot,1,0,279,237
4327,2023-09-02,Sandwich,14,141.87,Sunny,0,0,273,138
4328,2024-06-10,Wrap,8,119.86,Sunny,1,1,170,196
4329,2024-09-24,Juice,11,80.45,Rainy,0,1,191,290
4330,2023-11-17,Salad,5,131.58,Sunny,0,0,292,480
4331,2023-11-19,Pizza,18,447.36,Cloudy,0,0,292,282
4332,2023-06-05,Ice Cream,7,265.33,Sunny,0,1,175,128
4333,2023-08-14,Pasta,7,496.16,Sunny,1,0,65,141
4334,2023-04-04,Juice,15,468.5,Rainy,1,1,85,463
4335,2023-11-12,Pasta,16,399.36,Hot,1,0,215,116
4336,2023-01-13,Salad,18,375.66,Sunny,1,1,120,226
4337,2024-01-06,Tea,5,80.76,Cloudy,1,1,274,429
4338,2023-10-01,Cake,16,98.24,Rainy,1,1,117,319
4339,2023-01-30,Tea,5,307.89,Hot,1,0,238,190
4340,2024-02-28,Sandwich,1,388.28,Hot,0,0,217,233
4341,2024-01-18,Pasta,12,412.36,Sunny,0,0,224,429
4342,2023-11-02,Pizza,17,467.37,Rainy,1,0,173,150
4343,2023-11-11,Coffee,3,358.33,Cloudy,0,0,61,262
4344,2024-06-26,Fried Rice,1,482.22,Sunny,1,1,167,471
4345,2023-09-22,Coffee,12,429.62,Rainy,0,0,38,88
4346,2023-04-20,Biryani,17,399.71,Sunny,1,0,179,234
4347,2023-12-11,Ice Cream,4,445.59,Cloudy,0,1,263,373
4348,2023-12-13,Pasta,1,344.35,Sunny,1,1,283,489
4349,2023-06-17,Pasta,15,469.92,Hot,1,0,97,171
4350,2024-01-07,Cake,10,57.47,Hot,1,1,121,344
4351,2023-03-10,Sandwich,3,332.71,Rainy,1,1,118,250
4352,2023-11-25,Tacos,14,106.63,Hot,0,0,59,411
4353,2024-05-26,Tacos,17,253.67,Sunny,1,0,141,102
4354,2023-11-15,Wrap,19,498.39,Cloudy,1,0,33,229
4355,2023-02-27,Pizza,7,189.96,Cloudy,0,1,44,399
4356,2024-03-03,Cake,9,54.66,Hot,1,1,277,330
4357,2024-08-31,Juice,13,136.01,Cloudy,0,0,64,207
4358,2024-04-18,Cake,9,220.99,Cloudy,1,1,269,104
4359,2024-10-24,Tacos,19,485.03,Sunny,1,0,199,439
4360,2024-03-25,Burger,1,81.49,Sunny,1,1,151,92
4361,2023-04-27,Pizza,11,199.63,Cloudy,0,0,50,171
4362,2023-02-11,Juice,11,77.69,Rainy,0,1,236,447
4363,2023-06-03,Coffee,11,124.01,Cloudy,0,1,86,56
4364,2023-04-30,Sandwich,8,355.85,Cloudy,0,1,164,463
4365,2024-11-25,Juice,3,315.43,Hot,1,0,103,194
4366,2023-07-11,Pasta,17,336.58,Rainy,1,1,68,178
4367,2024-06-19,Tea,13,248.66,Hot,0,1,281,394
4368,2023-10-25,Juice,19,299.92,Hot,0,0,242,390
4369,2023-12-19,Salad,5,132.09,Cloudy,0,0,21,430
4370,2024-04-13,Burger,13,59.42,Cloudy,1,0,94,378
4371,2024-04-03,Salad,11,401.69,Cloudy,0,0,129,227
4372,2023-07-13,Wrap,12,78.58,Cloudy,1,0,70,182
4373,2023-12-28,Cake,5,434.38,Hot,1,0,245,264
4374,2023-01-01,Burger,17,158.59,Rainy,0,1,175,367
4375,2023-10-23,Biryani,3,488.19,Hot,1,0,109,334
4376,2023-10-03,Coffee,13,83.85,Rainy,0,0,100,357
4377,2023-01-20,Cake,3,116.92,Rainy,1,0,49,465
4378,2024-10-22,Pasta,1,267.79,Cloudy,0,1,45,168
4379,2023-11-21,Ice Cream,2,385.93,Hot,1,1,297,296
4380,2024-12-24,Sandwich,12,59.13,Sunny,1,0,193,297
4381,2024-01-25,Tacos,10,53.71,Sunny,1,0,236,411
4382,2024-11-22,Burger,9,174.36,Hot,0,1,70,353
4383,2023-06-24,Cake,19,370.13,Cloudy,1,1,233,405
4384,2023-10-02,Salad,15,177.0,Hot,1,1,162,372
4385,2023-05-21,Tea,8,224.11,Hot,0,0,168,351
4386,2023-03-20,Pasta,18,129.54,Sunny,0,1,184,82
4387,2023-06-15,Noodles,16,296.38,Hot,1,0,133,395
4388,2024-05-02,Juice,12,72.28,Rainy,0,1,135,374
4389,2024-12-02,Ice Cream,5,216.06,Sunny,0,1,163,341
4390,2023-02-12,Juice,3,481.59,Cloudy,0,0,294,189
4391,2024-10-06,Pasta,15,179.84,Hot,0,0,21,182
4392,2024-07-31,Coffee,1,62.25,Rainy,1,1,111,233
4393,2023-01-14,Fried Rice,9,122.35,Hot,0,1,243,404
4394,2024-10-20,Pasta,9,428.1,Cloudy,1,1,233,320
4395,2023-03-09,Salad,17,282.85,Cloudy,1,0,139,138
4396,2023-11-04,Wrap,12,183.44,Sunny,0,0,229,471
4397,2023-07-25,Tacos,8,197.5,Cloudy,0,0,135,474
4398,2024-03-05,Coffee,3,283.18,Hot,0,1,20,121
4399,2024-04-28,Wrap,4,101.4,Rainy,0,1,243,461
4400,2023-12-10,Cake,4,229.53,Hot,0,0,174,166
4401,2024-07-02,Ice Cream,11,495.44,Hot,0,1,291,185
4402,2024-04-24,Wrap,15,302.77,Rainy,1,0,221,116
4403,2024-07-27,Biryani,1,295.66,Cloudy,1,0,264,180
4404,2024-08-01,Biryani,10,422.66,Sunny,0,0,112,313
4405,2024-12-01,Coffee,13,202.24,Hot,1,0,230,472
4406,2023-01-21,Ice Cream,14,375.45,Cloudy,0,0,289,71
4407,2023-08-07,Wrap,14,296.43,Rainy,0,1,125,135
4408,2023-04-14,Pizza,18,369.7,Cloudy,1,1,88,342
4409,2023-12-13,Pasta,18,95.94,Sunny,0,0,57,488
4410,2024-07-13,Fried Rice,1,74.53,Sunny,0,0,215,100
4411,2023-01-05,Sandwich,16,84.24,Rainy,1,1,36,66
4412,2024-03-13,Pasta,5,275.63,Sunny,0,0,202,248
4413,2024-03-15,Tacos,5,206.34,Cloudy,1,1,156,115
4414,2024-09-11,Sandwich,16,274.21,Sunny,0,1,87,320
4415,2024-11-22,Salad,6,269.78,Rainy,0,1,85,197
4416,2024-12-16,Biryani,2,235.58,Sunny,1,0,171,78
4417,2023-10-25,Juice,2,221.52,Sunny,0,1,149,190
4418,2023-07-14,Sandwich,7,481.74,Sunny,1,1,107,339
4419,2023-07-17,Ice Cream,17,50.71,Cloudy,1,0,53,327
4420,2023-11-30,Salad,9,65.98,Cloudy,0,1,274,301
4421,2024-09-09,Juice,3,140.03,Cloudy,0,1,223,258
4422,2024-07-09,Fried Rice,10,498.53,Rainy,1,1,180,260
4423,2023-03-14,Sandwich,6,469.46,Rainy,0,0,153,401
4424,2024-09-10,Noodles,17,318.16,Hot,1,0,191,192
4425,2024-01-06,Biryani,18,199.48,Cloudy,1,1,29,302
4426,2024-06-22,Noodles,17,136.41,Sunny,0,1,233,350
4427,2024-10-12,Biryani,10,255.32,Sunny,0,1,55,301
4428,2023-11-08,Ice Cream,11,57.81,Cloudy,1,1,169,143
4429,2023-01-20,Fried Rice,3,383.54,Cloudy,1,1,43,381
4430,2023-04-25,Coffee,6,311.06,Cloudy,0,0,87,141
4431,2024-01-28,Wrap,3,78.7,Rainy,1,1,208,230
4432,2024-09-07,Sandwich,14,195.43,Hot,1,0,267,495
4433,2023-11-08,Ice Cream,7,441.63,Rainy,0,1,133,454
4434,2023-08-02,Biryani,15,395.14,Rainy,0,1,159,364
4435,2024-02-07,Salad,16,246.89,Cloudy,0,1,120,311
4436,2024-10-16,Ice Cream,8,80.86,Sunny,0,1,133,151
4437,2024-08-06,Fried Rice,9,231.45,Sunny,1,0,89,301
4438,2023-01-26,Cake,6,127.16,Cloudy,1,0,93,288
4439,2023-10-07,Biryani,2,233.44,Cloudy,1,1,243,422
4440,2024-02-04,Pizza,15,361.94,Cloudy,1,1,206,52
4441,2024-12-10,Cake,19,260.83,Hot,1,1,212,229
4442,2023-01-31,Tea,2,385.59,Hot,1,0,131,347
4443,2024-07-29,Tea,6,316.88,Sunny,0,0,216,157
4444,2024-07-18,Biryani,14,394.8,Hot,0,1,71,351
4445,2023-03-25,Salad,10,434.26,Cloudy,0,0,82,489
4446,2024-07-06,Noodles,18,423.01,Hot,0,0,210,304
4447,2024-11-25,Pasta,5,404.63,Rainy,1,0,232,90
4448,2023-12-07,Coffee,10,139.01,Sunny,0,1,144,436
4449,2023-09-14,Pizza,3,289.2,Cloudy,1,0,255,218
4450,2023-05-29,Tea,9,66.25,Cloudy,1,0,63,302
4451,2024-09-02,Juice,5,496.7,Rainy,1,0,53,304
4452,2024-05-03,Fried Rice,16,484.79,Hot,1,0,250,76
4453,2024-10-18,Sandwich,2,389.85,Rainy,0,0,158,442
4454,2024-07-21,Tea,10,68.63,Rainy,1,0,137,244
4455,2023-07-26,Noodles,17,269.82,Sunny,1,0,248,214
4456,2024-03-30,Tea,10,316.72,Cloudy,1,0,163,394
4457,2023-03-09,Salad,17,260.2,Hot,1,0,198,75
4458,2023-09-01,Noodles,16,467.01,Hot,1,0,115,422
4459,2024-07-23,Fried Rice,7,181.91,Rainy,0,0,144,341
4460,2024-12-27,Tea,16,446.18,Cloudy,1,1,37,440
4461,2024-05-14,Fried Rice,19,307.77,Rainy,1,1,170,441
4462,2024-02-29,Tacos,10,337.73,Sunny,0,1,253,134
4463,2024-02-29,Ice Cream,14,101.0,Cloudy,0,0,32,74
4464,2024-02-20,Fried Rice,11,483.76,Cloudy,0,1,260,341
4465,2023-02-05,Tea,11,291.91,Rainy,1,0,197,127
4466,2023-01-22,Ice Cream,3,330.08,Sunny,1,1,291,375
4467,2024-03-08,Sandwich,15,356.97,Hot,0,1,282,416
4468,2024-02-14,Noodles,10,400.97,Hot,0,1,105,298
4469,2023-05-27,Fried Rice,19,69.03,Hot,0,0,184,371
4470,2023-03-03,Pasta,14,167.26,Rainy,0,1,97,281
4471,2024-06-26,Biryani,1,301.87,Sunny,1,1,293,480
4472,2024-03-20,Cake,14,178.27,Sunny,1,1,87,426
4473,2023-11-04,Tea,15,431.23,Sunny,1,0,37,499
4474,2023-02-16,Cake,13,461.33,Rainy,1,0,223,259
4475,2023-08-26,Salad,15,219.56,Sunny,0,0,54,310
4476,2023-10-17,Ice Cream,19,471.93,Rainy,0,1,95,225
4477,2024-01-07,Sandwich,18,268.67,Hot,0,1,153,221
4478,2024-04-17,Burger,14,76.67,Cloudy,0,0,109,322
4479,2024-06-03,Tea,4,308.23,Cloudy,0,1,158,293
4480,2024-08-25,Pizza,5,290.58,Cloudy,1,0,110,360
4481,2023-04-18,Fried Rice,2,395.83,Cloudy,1,1,109,346
4482,2024-11-14,Biryani,9,264.3,Cloudy,1,0,29,122
4483,2024-04-27,Tacos,7,224.71,Sunny,1,0,40,293
4484,2023-03-15,Burger,19,115.86,Rainy,0,1,228,318
4485,2024-04-07,Wrap,14,436.01,Hot,1,0,201,470
4486,2023-12-12,Biryani,10,466.89,Sunny,0,0,296,483
4487,2023-05-17,Burger,12,235.22,Sunny,0,1,244,388
4488,2023-12-24,Fried Rice,4,350.26,Rainy,1,0,292,402
4489,2023-12-28,Pasta,14,197.17,Cloudy,1,1,86,99
4490,2024-11-19,Sandwich,11,147.98,Sunny,1,0,159,132
4491,2024-06-14,Salad,9,423.17,Hot,1,1,251,213
4492,2024-10-07,Coffee,4,268.4,Rainy,1,1,202,357
4493,2024-05-20,Biryani,10,426.94,Sunny,0,0,212,195
4494,2024-01-14,Wrap,18,368.48,Cloudy,0,1,72,473
4495,2023-09-30,Tea,4,148.16,Cloudy,1,0,91,280
4496,2024-06-08,Salad,5,435.53,Sunny,1,0,276,169
4497,2024-03-17,Noodles,4,142.08,Cloudy,1,0,160,481
4498,2023-05-13,Fried Rice,13,281.94,Hot,1,1,52,112
4499,2024-05-21,Salad,6,123.42,Rainy,1,1,232,486
4500,2024-06-01,Biryani,3,383.99,Rainy,1,0,43,256
4501,2024-11-19,Sandwich,4,184.65,Hot,1,0,287,208
4502,2024-04-28,Fried Rice,13,296.25,Rainy,0,0,76,405
4503,2024-08-19,Ice Cream,18,163.84,Cloudy,0,1,275,275
4504,2023-03-29,Cake,10,340.29,Hot,0,1,90,141
4505,2024-06-11,Cake,8,443.27,Rainy,0,0,197,476
4506,2024-05-17,Wrap,14,296.24,Rainy,0,0,199,325
4507,2024-12-07,Cake,4,212.24,Rainy,0,1,48,445
4508,2023-11-05,Salad,18,454.11,Cloudy,0,0,118,493
4509,2023-05-08,Ice Cream,16,371.28,Sunny,1,1,32,447
4510,2023-03-26,Tacos,17,137.25,Rainy,1,1,135,210
4511,2023-05-01,Tea,13,363.48,Rainy,1,1,152,91
4512,2023-11-06,Burger,17,440.18,Cloudy,0,0,206,186
4513,2024-03-20,Pizza,4,438.09,Rainy,0,0,224,406
4514,2024-08-18,Pasta,16,142.66,Rainy,1,1,181,316
4515,2023-01-15,Juice,11,435.79,Rainy,1,0,190,217
4516,2023-07-27,Ice Cream,8,391.19,Sunny,1,0,252,237
4517,2023-03-26,Sandwich,4,142.35,Hot,1,1,29,78
4518,2023-12-16,Noodles,17,363.55,Cloudy,1,0,208,130
4519,2024-11-02,Wrap,11,460.3,Cloudy,0,0,67,264
4520,2023-03-18,Fried Rice,3,121.77,Rainy,1,1,112,95
4521,2024-08-29,Sandwich,14,244.23,Hot,0,1,264,368
4522,2024-04-01,Salad,2,414.75,Cloudy,0,1,92,285
4523,2023-12-07,Tacos,19,337.87,Sunny,1,0,258,367
4524,2024-03-25,Tacos,1,170.26,Hot,0,1,146,84
4525,2023-12-28,Sandwich,12,321.29,Hot,0,0,96,431
4526,2023-09-24,Biryani,17,85.88,Cloudy,1,0,127,376
4527,2024-01-08,Ice Cream,12,68.82,Sunny,0,1,36,328
4528,2023-06-18,Pizza,8,135.51,Cloudy,1,1,126,291
4529,2024-02-19,Salad,1,368.1,Hot,0,0,230,145
4530,2024-06-04,Pizza,19,471.15,Cloudy,0,1,252,271
4531,2024-09-05,Pasta,1,173.44,Hot,0,1,232,439
4532,2024-09-22,Wrap,5,428.31,Hot,0,1,151,365
4533,2024-02-09,Burger,16,275.37,Rainy,0,0,97,147
4534,2023-10-22,Biryani,7,362.04,Sunny,0,0,20,72
4535,2023-11-06,Wrap,19,323.45,Sunny,0,1,176,83
4536,2023-12-05,Ice Cream,9,164.81,Sunny,0,1,32,232
4537,2024-06-14,Juice,17,264.14,Hot,0,0,229,186
4538,2023-07-14,Ice Cream,10,179.62,Hot,1,0,118,449
4539,2024-12-18,Fried Rice,16,104.14,Rainy,1,1,257,242
4540,2024-01-16,Pizza,7,137.95,Rainy,1,0,44,350
4541,2023-05-17,Burger,13,256.14,Rainy,1,0,105,153
4542,2023-08-10,Ice Cream,15,52.15,Rainy,0,1,39,496
4543,2023-10-18,Tea,6,458.89,Rainy,1,0,248,96
4544,2023-09-01,Salad,8,368.46,Hot,0,0,83,415
4545,2023-08-30,Pasta,6,481.7,Hot,1,1,104,299
4546,2024-11-30,Juice,7,438.26,Hot,0,0,255,119
4547,2023-05-03,Tea,13,71.59,Hot,0,1,159,228
4548,2024-10-21,Burger,18,201.02,Cloudy,0,0,184,108
4549,2023-01-18,Salad,10,149.73,Rainy,1,0,53,396
4550,2024-11-17,Pizza,1,243.32,Rainy,0,0,143,104
4551,2024-04-05,Ice Cream,14,129.23,Cloudy,0,1,26,275
4552,2023-08-09,Tea,18,361.25,Cloudy,0,1,229,435
4553,2023-03-17,Fried Rice,3,263.54,Sunny,0,0,213,325
4554,2024-01-29,Coffee,1,94.16,Hot,0,0,40,317
4555,2023-12-14,Burger,3,415.17,Rainy,0,1,299,363
4556,2023-09-30,Fried Rice,7,343.83,Hot,0,1,119,207
4557,2023-05-23,Pasta,16,467.1,Rainy,0,0,121,195
4558,2023-06-11,Pasta,17,148.85,Sunny,0,0,40,487
4559,2024-07-18,Juice,17,421.63,Cloudy,1,1,233,377
4560,2023-04-23,Burger,11,441.71,Sunny,0,0,118,313
4561,2023-04-06,Pasta,9,138.72,Sunny,1,1,241,181
4562,2023-07-23,Noodles,5,58.09,Cloudy,1,0,248,176
4563,2023-11-01,Pasta,2,201.39,Hot,0,1,196,499
4564,2023-03-09,Coffee,12,336.83,Hot,1,0,30,337
4565,2024-03-15,Sandwich,10,481.75,Cloudy,0,0,205,147
4566,2023-05-05,Fried Rice,10,498.21,Hot,0,1,166,451
4567,2024-03-06,Tacos,19,170.67,Rainy,0,1,66,123
4568,2023-12-19,Wrap,3,81.93,Hot,0,1,79,298
4569,2023-02-06,Tacos,11,246.09,Cloudy,1,1,290,348
4570,2024-03-23,Pizza,9,129.42,Sunny,0,1,136,477
4571,2024-10-13,Noodles,5,358.52,Cloudy,1,1,160,161
4572,2023-08-15,Juice,3,461.77,Hot,0,0,28,497
4573,2024-01-26,Pizza,13,265.16,Sunny,0,0,85,321
4574,2024-09-14,Juice,15,495.36,Hot,1,1,76,123
4575,2024-01-02,Biryani,13,405.32,Sunny,0,1,201,341
4576,2024-06-10,Ice Cream,15,335.36,Rainy,1,0,81,412
4577,2024-09-03,Sandwich,17,169.59,Hot,0,1,282,70
4578,2024-03-08,Sandwich,5,303.63,Rainy,0,0,248,151
4579,2023-07-05,Cake,8,217.27,Cloudy,1,1,177,100
4580,2024-04-07,Salad,12,272.99,Hot,1,1,152,165
4581,2024-04-27,Wrap,4,193.47,Sunny,0,0,53,498
4582,2024-02-05,Coffee,7,196.93,Cloudy,1,1,146,362
4583,2023-11-01,Tea,18,230.75,Cloudy,1,0,205,277
4584,2023-01-27,Sandwich,7,435.51,Hot,0,0,215,487
4585,2024-07-31,Ice Cream,14,122.9,Rainy,0,1,87,463
4586,2023-10-23,Tea,1,332.21,Cloudy,0,1,156,485
4587,2024-11-14,Pizza,13,379.31,Sunny,1,1,220,187
4588,2024-05-02,Ice Cream,16,187.99,Sunny,0,0,241,161
4589,2024-09-05,Wrap,16,396.72,Hot,0,0,241,174
4590,2024-03-27,Tea,13,230.43,Sunny,0,1,68,396
4591,2023-09-05,Pasta,13,371.48,Cloudy,1,1,64,303
4592,2024-01-25,Ice Cream,5,218.66,Rainy,0,0,181,441
4593,2024-10-04,Fried Rice,18,416.56,Hot,0,0,78,249
4594,2024-12-23,Pasta,7,115.44,Cloudy,0,0,25,449
4595,2024-02-25,Wrap,5,349.64,Rainy,1,1,221,458
4596,2023-09-25,Tacos,13,350.22,Rainy,0,1,145,170
4597,2023-08-01,Sandwich,3,227.02,Rainy,0,1,171,287
4598,2023-05-27,Fried Rice,12,89.48,Hot,0,1,198,350
4599,2023-02-12,Cake,6,126.68,Hot,0,1,143,462
4600,2023-04-12,Sandwich,12,387.32,Rainy,0,1,155,494
4601,2024-07-22,Pizza,13,463.85,Hot,0,0,50,208
4602,2023-07-17,Burger,3,320.91,Cloudy,0,0,277,332
4603,2023-01-11,Tea,1,183.33,Hot,1,1,271,405
4604,2023-09-08,Sandwich,14,367.66,Hot,0,0,133,320
4605,2024-06-19,Tacos,9,402.62,Cloudy,0,0,117,138
4606,2024-12-14,Cake,3,127.07,Cloudy,1,1,235,273
4607,2024-08-18,Biryani,13,256.52,Cloudy,1,1,232,74
4608,2024-09-14,Pasta,7,350.25,Cloudy,1,1,203,442
4609,2023-08-26,Biryani,10,246.11,Rainy,0,0,287,154
4610,2024-05-20,Coffee,6,294.59,Rainy,1,0,141,110
4611,2024-02-18,Coffee,6,454.4,Sunny,1,1,90,284
4612,2024-05-04,Wrap,12,338.45,Hot,1,0,106,392
4613,2024-08-19,Tacos,9,303.77,Hot,0,0,180,291
4614,2024-06-16,Ice Cream,4,250.97,Rainy,0,1,184,401
4615,2024-11-20,Sandwich,4,268.34,Rainy,1,0,52,132
4616,2024-05-23,Biryani,16,384.38,Sunny,0,0,114,153
4617,2023-03-16,Pasta,13,402.63,Hot,0,0,45,280
4618,2024-12-16,Pizza,2,364.26,Rainy,1,1,54,224
4619,2024-06-05,Sandwich,6,456.88,Hot,0,1,170,191
4620,2024-06-14,Tea,5,259.38,Hot,1,1,236,143
4621,2023-05-13,Cake,9,238.56,Hot,0,0,273,161
4622,2023-05-12,Ice Cream,2,52.77,Rainy,0,0,245,406
4623,2024-12-17,Noodles,6,387.8,Cloudy,1,1,198,380
4624,2024-05-03,Sandwich,15,143.58,Rainy,0,1,178,168
4625,2024-04-16,Tacos,3,219.9,Sunny,1,0,40,188
4626,2024-09-14,Biryani,9,412.34,Cloudy,0,0,249,357
4627,2023-04-18,Biryani,10,482.76,Hot,0,0,53,181
4628,2023-06-24,Ice Cream,11,191.55,Hot,0,0,65,117
4629,2023-11-08,Fried Rice,18,268.17,Hot,0,0,256,431
4630,2023-03-25,Salad,7,146.95,Rainy,0,0,94,199
4631,2023-10-05,Pasta,16,200.8,Cloudy,0,1,249,79
4632,2023-11-28,Pasta,13,183.79,Cloudy,0,0,167,424
4633,2024-09-30,Pizza,13,380.96,Cloudy,1,0,275,289
4634,2023-03-22,Burger,16,111.7,Sunny,1,0,85,314
4635,2024-08-27,Pasta,2,414.64,Cloudy,1,0,54,422
4636,2024-07-12,Tacos,12,421.85,Rainy,1,1,25,303
4637,2023-03-09,Salad,3,414.13,Hot,1,1,222,302
4638,2023-09-19,Burger,2,94.79,Sunny,0,1,106,449
4639,2024-07-24,Tacos,12,426.15,Rainy,0,1,138,410
4640,2024-07-30,Pasta,10,282.48,Sunny,1,1,132,132
4641,2024-09-12,Coffee,6,391.35,Rainy,1,0,38,447
4642,2023-06-10,Cake,5,454.75,Hot,0,0,151,342
4643,2024-08-27,Wrap,15,314.45,Hot,0,0,214,227
4644,2023-03-26,Salad,5,471.95,Cloudy,1,1,299,239
4645,2024-06-19,Tacos,15,335.69,Cloudy,0,0,57,401
4646,2024-10-05,Pizza,7,138.78,Rainy,1,0,44,136
4647,2023-08-01,Juice,8,292.75,Sunny,0,1,119,271
4648,2023-01-01,Cake,10,99.55,Cloudy,1,0,251,428
4649,2023-08-05,Salad,14,490.84,Rainy,0,0,180,345
4650,2023-03-01,Noodles,17,160.26,Cloudy,1,1,122,345
4651,2023-08-24,Pasta,15,286.51,Rainy,1,0,267,321
4652,2024-10-19,Juice,8,356.09,Rainy,1,1,44,57
4653,2023-09-14,Burger,11,72.23,Rainy,1,0,286,83
4654,2023-03-15,Coffee,18,81.65,Hot,1,0,194,236
4655,2024-01-07,Cake,5,343.57,Sunny,0,0,196,272
4656,2023-07-23,Salad,5,248.74,Sunny,0,1,58,320
4657,2024-02-17,Coffee,15,269.9,Sunny,1,0,86,304
4658,2024-03-04,Tacos,9,455.26,Rainy,0,0,262,170
4659,2023-08-27,Coffee,4,123.2,Rainy,0,0,159,202
4660,2024-02-12,Noodles,2,304.4,Cloudy,0,0,58,220
4661,2023-03-12,Cake,14,73.83,Sunny,1,0,26,390
4662,2023-02-11,Wrap,6,418.27,Hot,0,0,145,429
4663,2023-06-18,Pizza,8,223.8,Rainy,0,1,163,199
4664,2024-03-01,Cake,17,59.07,Hot,0,1,247,391
4665,2023-10-22,Sandwich,2,89.9,Cloudy,1,1,102,499
4666,2024-09-19,Tacos,7,96.5,Sunny,1,0,238,51
4667,2023-10-23,Coffee,6,247.31,Sunny,0,1,171,353
4668,2024-06-10,Tacos,3,489.45,Cloudy,1,1,141,129
4669,2024-06-11,Tea,4,297.06,Rainy,0,0,226,316
4670,2023-08-01,Cake,14,355.79,Cloudy,1,1,69,70
4671,2023-10-13,Salad,15,424.82,Rainy,0,0,204,134
4672,2023-10-16,Fried Rice,3,407.84,Sunny,1,1,71,137
4673,2024-06-23,Salad,16,167.77,Hot,1,0,175,316
4674,2023-03-16,Juice,11,289.99,Hot,1,0,289,139
4675,2023-01-17,Pizza,16,231.57,Cloudy,1,1,72,425
4676,2023-05-07,Pizza,19,220.52,Rainy,0,0,283,341
4677,2024-05-03,Wrap,10,133.73,Sunny,1,1,94,260
4678,2023-05-20,Pizza,1,351.0,Sunny,1,1,47,259
4679,2024-10-06,Tacos,9,402.86,Cloudy,1,1,181,468
4680,2024-08-19,Burger,17,461.24,Hot,0,1,246,207
4681,2024-02-29,Pizza,15,405.39,Cloudy,0,1,214,294
4682,2023-05-04,Coffee,2,344.17,Hot,1,0,299,52
4683,2024-05-28,Cake,19,361.34,Cloudy,0,1,285,344
4684,2024-05-03,Ice Cream,16,169.06,Cloudy,1,1,55,460
4685,2024-08-26,Cake,14,194.12,Hot,1,1,49,264
4686,2024-08-02,Fried Rice,4,251.96,Cloudy,0,1,109,368
4687,2024-06-28,Coffee,16,189.94,Hot,0,0,101,473
4688,2023-06-22,Cake,15,152.5,Hot,0,0,195,468
4689,2023-09-29,Juice,8,56.68,Hot,0,0,133,390
4690,2023-02-22,Pizza,15,413.79,Rainy,1,1,282,331
4691,2024-03-29,Pizza,9,386.19,Cloudy,1,1,146,179
4692,2024-04-20,Cake,19,50.66,Hot,0,1,42,207
4693,2024-07-18,Coffee,17,227.23,Rainy,0,0,179,473
4694,2024-07-05,Cake,16,218.21,Cloudy,1,0,161,50
4695,2023-06-17,Salad,19,162.38,Hot,1,0,213,475
4696,2023-10-03,Fried Rice,7,447.68,Rainy,1,1,21,423
4697,2023-10-29,Salad,6,435.07,Rainy,1,0,115,247
4698,2023-07-24,Tea,11,298.32,Rainy,0,1,164,178
4699,2024-10-04,Salad,7,170.3,Cloudy,1,0,140,380
4700,2024-08-30,Pasta,2,299.36,Cloudy,1,0,75,337
4701,2023-12-19,Pasta,15,222.63,Rainy,0,1,38,235
4702,2024-01-21,Biryani,3,385.92,Sunny,1,0,132,161
4703,2023-08-02,Pasta,8,307.9,Hot,0,1,222,248
4704,2023-03-18,Coffee,19,386.82,Hot,0,0,60,275
4705,2023-08-13,Salad,10,342.35,Sunny,0,1,267,355
4706,2024-07-08,Biryani,1,139.83,Sunny,0,0,30,67
4707,2023-11-19,Salad,18,283.34,Hot,1,1,217,152
4708,2024-03-03,Juice,19,131.42,Cloudy,0,0,83,406
4709,2024-09-05,Noodles,5,187.62,Hot,1,0,220,295
4710,2023-11-21,Coffee,5,243.63,Rainy,1,0,213,153
4711,2024-08-19,Sandwich,3,345.43,Rainy,0,1,29,233
4712,2024-03-15,Wrap,15,178.9,Cloudy,0,1,271,82
4713,2023-04-20,Sandwich,3,313.67,Rainy,0,1,141,335
4714,2023-07-09,Pizza,4,84.94,Cloudy,0,0,98,90
4715,2024-02-01,Fried Rice,2,408.52,Rainy,0,0,185,360
4716,2023-08-25,Biryani,18,330.7,Cloudy,0,0,241,367
4717,2023-05-29,Salad,1,259.19,Rainy,1,1,202,283
4718,2024-09-30,Salad,19,239.81,Cloudy,0,0,164,358
4719,2023-09-09,Pizza,10,487.65,Rainy,1,0,195,253
4720,2023-09-12,Coffee,8,338.7,Hot,1,1,63,163
4721,2024-02-07,Wrap,11,269.14,Cloudy,0,1,130,495
4722,2024-02-03,Sandwich,18,375.56,Sunny,1,0,244,312
4723,2023-03-30,Tea,4,474.54,Rainy,0,0,85,103
4724,2023-05-29,Wrap,9,200.12,Rainy,1,0,296,147
4725,2023-05-06,Tea,10,177.58,Sunny,1,0,143,454
4726,2023-08-08,Pizza,15,88.33,Cloudy,1,0,56,308
4727,2024-10-28,Biryani,8,252.99,Rainy,0,1,261,434
4728,2024-11-09,Pasta,3,465.98,Sunny,0,0,118,460
4729,2023-10-09,Sandwich,18,150.96,Cloudy,0,0,252,108
4730,2024-11-09,Biryani,11,374.44,Sunny,0,0,37,369
4731,2023-06-13,Cake,7,446.28,Sunny,1,1,43,283
4732,2023-12-05,Sandwich,11,331.91,Cloudy,0,1,123,307
4733,2024-05-27,Noodles,6,262.86,Cloudy,1,0,264,310
4734,2024-02-27,Ice Cream,10,94.83,Rainy,1,1,22,345
4735,2024-04-15,Biryani,16,443.87,Rainy,0,0,225,378
4736,2024-08-04,Juice,10,57.91,Hot,0,1,59,193
4737,2023-07-23,Juice,19,486.75,Hot,0,0,186,200
4738,2023-03-21,Tacos,10,316.88,Hot,0,1,186,131
4739,2024-06-04,Ice Cream,3,449.97,Rainy,0,0,293,190
4740,2024-09-26,Pasta,19,395.54,Cloudy,1,1,26,83
4741,2024-04-16,Pizza,16,454.14,Rainy,0,0,75,194
4742,2023-09-20,Burger,5,395.43,Hot,0,1,117,236
4743,2024-12-26,Burger,4,365.71,Cloudy,1,0,184,454
4744,2023-10-31,Fried Rice,6,282.75,Rainy,1,1,120,399
4745,2023-07-23,Ice Cream,1,408.71,Rainy,0,0,74,396
4746,2024-12-10,Pasta,19,124.0,Sunny,0,1,211,248
4747,2023-04-26,Ice Cream,6,263.15,Sunny,1,1,166,173
4748,2024-07-17,Burger,3,324.34,Hot,1,1,254,251
4749,2023-01-09,Fried Rice,3,142.47,Hot,1,0,283,97
4750,2024-06-02,Juice,5,383.86,Cloudy,0,0,167,142
4751,2023-11-17,Noodles,13,219.05,Rainy,0,1,232,206
4752,2024-12-17,Tea,3,417.91,Rainy,0,0,251,249
4753,2024-11-03,Salad,13,65.69,Hot,0,1,292,465
4754,2023-01-14,Salad,5,165.59,Hot,1,1,183,192
4755,2023-04-17,Fried Rice,6,81.56,Sunny,0,0,136,131
4756,2024-05-11,Sandwich,7,146.28,Cloudy,1,1,30,260
4757,2024-06-10,Fried Rice,11,59.73,Sunny,1,0,292,197
4758,2024-01-11,Pizza,6,443.74,Sunny,0,1,153,118
4759,2023-04-10,Noodles,19,130.08,Hot,1,1,71,355
4760,2024-03-06,Burger,10,467.43,Rainy,1,0,189,351
4761,2023-11-19,Salad,2,166.18,Sunny,0,1,25,66
4762,2024-12-01,Burger,6,90.71,Sunny,1,1,32,413
4763,2023-05-03,Tacos,1,202.39,Cloudy,1,1,292,356
4764,2023-04-06,Ice Cream,18,366.83,Hot,0,1,97,99
4765,2024-03-01,Cake,11,449.3,Sunny,1,0,30,498
4766,2024-01-06,Tacos,4,123.71,Cloudy,0,0,257,382
4767,2023-01-05,Ice Cream,14,415.05,Sunny,1,0,255,167
4768,2024-06-21,Biryani,15,423.63,Rainy,1,0,70,270
4769,2023-05-31,Juice,19,215.81,Rainy,1,0,234,470
4770,2024-10-03,Cake,14,53.63,Rainy,0,1,180,260
4771,2023-11-10,Pasta,15,284.84,Hot,0,1,93,452
4772,2024-07-10,Juice,1,427.8,Rainy,0,0,123,279
4773,2024-04-04,Burger,17,317.43,Rainy,1,1,148,285
4774,2024-09-27,Tea,5,241.74,Hot,0,0,223,217
4775,2023-10-23,Tea,18,399.76,Sunny,0,1,23,57
4776,2024-12-10,Tacos,5,55.65,Cloudy,1,0,249,457
4777,2023-04-07,Sandwich,8,374.04,Sunny,0,0,269,50
4778,2024-11-17,Wrap,12,235.42,Cloudy,0,1,78,352
4779,2023-09-06,Tea,17,416.44,Rainy,0,0,29,63
4780,2024-11-14,Fried Rice,6,387.75,Sunny,1,0,83,384
4781,2023-07-13,Fried Rice,8,140.52,Rainy,1,0,111,463
4782,2023-02-08,Sandwich,11,430.01,Rainy,1,1,184,353
4783,2023-10-22,Sandwich,8,372.33,Rainy,1,1,89,468
4784,2023-10-16,Pasta,4,356.29,Sunny,1,1,262,428
4785,2024-03-13,Biryani,16,316.8,Rainy,0,1,96,210
4786,2023-02-26,Wrap,7,254.07,Cloudy,0,1,187,153
4787,2023-10-22,Wrap,5,140.96,Rainy,0,0,116,361
4788,2023-09-12,Noodles,7,242.36,Rainy,0,1,157,231
4789,2023-01-09,Fried Rice,5,355.06,Rainy,0,0,298,86
4790,2024-04-17,Pizza,7,423.84,Sunny,1,0,82,409
4791,2024-10-23,Juice,4,215.63,Cloudy,0,0,120,410
4792,2024-12-04,Pizza,9,332.84,Rainy,0,1,63,208
4793,2024-09-01,Biryani,9,496.14,Cloudy,0,1,190,187
4794,2024-05-09,Wrap,19,426.67,Hot,1,1,178,365
4795,2024-07-20,Noodles,7,461.03,Sunny,0,0,259,233
4796,2024-09-17,Fried Rice,12,130.68,Rainy,0,0,107,177
4797,2023-06-13,Cake,14,262.15,Cloudy,0,0,242,239
4798,2024-01-06,Pizza,14,68.69,Rainy,0,0,253,132
4799,2023-10-15,Coffee,14,57.42,Sunny,1,1,237,248
4800,2024-12-02,Biryani,18,301.65,Rainy,1,0,172,160
4801,2023-02-10,Coffee,19,172.07,Hot,1,1,25,328
4802,2024-08-26,Tea,14,408.8,Cloudy,1,1,21,138
4803,2023-09-24,Noodles,14,153.64,Sunny,1,0,145,188
4804,2024-08-31,Noodles,7,457.28,Rainy,1,0,79,253
4805,2023-07-20,Fried Rice,18,427.32,Sunny,0,0,234,298
4806,2023-06-07,Tea,17,96.13,Cloudy,0,0,252,58
4807,2024-07-18,Pizza,4,236.92,Sunny,0,0,293,478
4808,2024-12-23,Tacos,7,404.53,Rainy,0,0,102,492
4809,2023-09-25,Biryani,14,366.54,Rainy,1,0,22,174
4810,2024-07-14,Juice,5,483.88,Rainy,0,0,186,308
4811,2024-01-18,Ice Cream,12,60.65,Sunny,1,0,59,397
4812,2023-05-18,Cake,19,98.29,Sunny,0,0,149,492
4813,2023-03-09,Tea,11,207.19,Rainy,1,0,109,430
4814,2024-09-09,Wrap,3,196.6,Rainy,0,1,200,349
4815,2023-06-25,Juice,14,404.24,Cloudy,0,0,140,441
4816,2024-10-18,Burger,10,353.24,Rainy,1,0,259,239
4817,2023-06-06,Fried Rice,19,115.42,Rainy,1,0,231,183
4818,2024-05-23,Burger,7,495.42,Rainy,0,1,219,288
4819,2023-01-01,Juice,7,96.94,Sunny,0,1,158,341
4820,2024-04-18,Tea,8,207.82,Cloudy,0,0,72,424
4821,2023-08-24,Ice Cream,3,233.71,Hot,1,0,109,445
4822,2024-05-15,Juice,2,483.63,Rainy,1,1,127,239
4823,2024-11-12,Noodles,11,459.56,Sunny,1,1,207,100
4824,2024-04-22,Salad,16,126.14,Rainy,0,0,135,304
4825,2024-05-04,Pasta,1,464.87,Rainy,0,0,54,148
4826,2024-09-13,Pasta,16,125.06,Sunny,0,0,111,275
4827,2024-01-10,Pizza,19,138.86,Sunny,1,1,95,210
4828,2024-10-16,Ice Cream,19,57.11,Sunny,0,0,248,241
4829,2023-10-07,Burger,13,383.55,Hot,1,1,237,78
4830,2024-09-13,Tea,11,85.68,Rainy,0,0,106,239
4831,2023-04-12,Ice Cream,18,88.25,Sunny,1,1,154,280
4832,2023-10-21,Fried Rice,11,476.33,Sunny,1,0,288,150
4833,2023-05-26,Noodles,3,152.16,Sunny,0,0,284,195
4834,2024-05-12,Fried Rice,2,220.89,Sunny,0,0,187,281
4835,2024-12-30,Noodles,1,460.2,Cloudy,0,1,46,374
4836,2023-03-02,Fried Rice,13,50.76,Rainy,0,0,252,238
4837,2023-07-20,Cake,17,195.13,Rainy,0,1,85,310
4838,2023-06-03,Tea,10,83.99,Hot,1,0,298,407
4839,2024-05-03,Noodles,18,128.91,Rainy,1,1,155,395
4840,2023-05-16,Pizza,7,192.34,Sunny,1,0,164,471
4841,2023-12-21,Ice Cream,1,229.9,Hot,0,0,115,156
4842,2023-11-12,Wrap,19,272.4,Cloudy,1,0,279,242
4843,2023-03-05,Cake,12,251.04,Sunny,1,0,281,321
4844,2024-01-17,Noodles,14,259.23,Cloudy,0,1,237,492
4845,2024-10-12,Noodles,15,269.15,Hot,1,1,90,355
4846,2023-08-30,Biryani,3,358.1,Rainy,0,0,165,279
4847,2023-11-23,Cake,19,206.27,Hot,0,0,49,447
4848,2024-06-04,Ice Cream,2,435.64,Rainy,1,0,158,277
4849,2023-03-12,Pasta,10,56.53,Hot,1,0,73,226
4850,2024-11-09,Coffee,5,136.75,Cloudy,0,1,55,312
4851,2023-05-13,Salad,4,408.85,Cloudy,0,0,167,391
4852,2023-10-25,Tacos,11,448.28,Hot,1,0,32,207
4853,2023-10-29,Noodles,6,409.81,Rainy,0,1,254,211
4854,2024-02-20,Salad,12,402.82,Cloudy,1,1,216,421
4855,2023-02-15,Burger,5,467.45,Hot,1,0,154,355
4856,2024-01-15,Tacos,9,423.55,Sunny,0,0,251,240
4857,2023-02-28,Cake,10,151.89,Sunny,0,1,176,358
4858,2023-01-28,Tacos,11,94.65,Hot,0,1,267,425
4859,2023-09-17,Coffee,2,196.58,Sunny,1,0,155,94
4860,2024-05-11,Fried Rice,4,397.79,Hot,1,1,136,251
4861,2024-07-16,Ice Cream,5,289.66,Hot,0,0,47,255
4862,2024-02-10,Pasta,17,132.5,Hot,1,1,214,333
4863,2023-12-16,Noodles,19,453.06,Hot,0,1,228,499
4864,2023-08-21,Pasta,11,340.0,Sunny,0,0,247,421
4865,2023-01-10,Wrap,8,297.82,Cloudy,0,0,216,462
4866,2023-02-09,Tea,1,150.7,Cloudy,0,1,47,155
4867,2024-04-17,Pasta,11,76.31,Hot,0,1,235,209
4868,2024-01-15,Sandwich,9,478.82,Cloudy,1,1,66,97
4869,2024-12-30,Pizza,6,267.28,Sunny,1,1,48,90
4870,2024-03-11,Biryani,2,115.4,Rainy,1,1,145,296
4871,2023-09-15,Juice,5,441.18,Hot,0,0,219,328
4872,2023-10-24,Cake,18,421.74,Sunny,1,0,263,438
4873,2023-12-17,Biryani,12,193.5,Sunny,0,0,221,96
4874,2023-06-10,Sandwich,10,176.43,Rainy,0,1,44,129
4875,2023-01-28,Biryani,5,88.62,Rainy,0,0,217,181
4876,2024-01-12,Salad,3,442.07,Hot,1,1,286,67
4877,2024-09-02,Wrap,8,171.11,Rainy,0,0,152,202
4878,2023-11-28,Fried Rice,3,247.72,Sunny,1,0,165,169
4879,2023-08-25,Wrap,10,260.67,Rainy,1,0,121,82
4880,2024-10-29,Juice,12,99.43,Rainy,1,1,298,151
4881,2023-06-01,Ice Cream,1,247.8,Cloudy,0,1,182,469
4882,2023-03-25,Tea,14,114.51,Hot,0,1,60,341
4883,2024-04-12,Ice Cream,19,477.9,Cloudy,1,1,135,300
4884,2023-03-14,Cake,12,321.74,Hot,0,1,298,122
4885,2024-07-30,Burger,8,380.71,Sunny,1,1,213,458
4886,2024-08-02,Burger,4,439.28,Rainy,1,0,268,397
4887,2024-03-27,Sandwich,15,116.87,Cloudy,1,1,205,88
4888,2023-05-23,Sandwich,8,444.03,Rainy,0,0,40,402
4889,2024-04-21,Noodles,2,227.41,Cloudy,0,0,79,302
4890,2023-05-24,Sandwich,8,307.2,Cloudy,1,0,228,82
4891,2023-01-16,Salad,16,205.98,Cloudy,1,1,170,435
4892,2024-07-18,Biryani,4,396.19,Cloudy,0,0,87,494
4893,2024-02-22,Wrap,12,172.19,Rainy,0,1,278,334
4894,2023-01-06,Biryani,7,229.22,Hot,1,1,267,369
4895,2024-07-27,Pasta,17,263.27,Cloudy,1,0,293,131
4896,2023-06-02,Biryani,12,303.67,Sunny,1,0,253,236
4897,2023-10-30,Fried Rice,12,61.48,Hot,0,0,281,177
4898,2023-10-12,Tea,4,360.54,Cloudy,1,1,34,400
4899,2023-10-17,Tacos,18,161.51,Cloudy,0,0,164,312
4900,2024-01-16,Tea,5,491.82,Hot,0,0,232,252
4901,2024-12-29,Pasta,16,120.25,Sunny,1,0,109,262
4902,2023-03-21,Wrap,18,211.43,Cloudy,0,0,175,443
4903,2024-01-01,Juice,12,327.87,Sunny,1,1,150,266
4904,2023-02-07,Coffee,9,279.29,Sunny,1,0,234,67
4905,2024-09-17,Tacos,16,163.54,Cloudy,0,0,194,177
4906,2023-02-02,Tacos,10,194.34,Rainy,1,0,292,213
4907,2023-11-28,Salad,17,168.2,Rainy,0,1,265,385
4908,2024-05-12,Juice,10,162.71,Cloudy,0,1,183,481
4909,2023-02-14,Cake,8,184.39,Rainy,0,0,33,177
4910,2024-08-26,Biryani,9,220.08,Rainy,0,1,197,74
4911,2023-03-21,Fried Rice,4,367.18,Sunny,0,0,275,121
4912,2023-07-23,Ice Cream,17,142.44,Cloudy,0,0,112,193
4913,2023-09-10,Burger,2,151.71,Cloudy,0,1,258,147
4914,2024-03-06,Pasta,17,482.4,Sunny,0,0,119,91
4915,2023-05-03,Wrap,8,402.24,Sunny,0,1,181,327
4916,2024-09-21,Salad,14,234.75,Sunny,0,0,66,239
4917,2024-04-16,Fried Rice,1,388.43,Cloudy,1,0,110,146
4918,2023-02-08,Ice Cream,18,177.95,Sunny,1,1,246,422
4919,2024-04-01,Ice Cream,13,52.48,Cloudy,1,1,190,390
4920,2024-08-15,Coffee,18,336.78,Hot,0,0,23,481
4921,2023-03-02,Noodles,6,295.56,Cloudy,0,1,96,222
4922,2024-12-10,Sandwich,2,415.13,Hot,1,1,81,113
4923,2023-11-08,Coffee,17,112.87,Rainy,1,0,125,357
4924,2023-10-23,Biryani,9,242.93,Hot,0,1,203,419
4925,2023-05-11,Pizza,12,213.74,Sunny,1,1,139,122
4926,2024-10-18,Noodles,2,73.02,Hot,0,0,139,434
4927,2024-03-13,Cake,18,122.37,Hot,0,0,236,193
4928,2024-07-28,Burger,4,98.37,Rainy,1,1,205,393
4929,2023-12-06,Cake,9,436.68,Hot,1,1,135,431
4930,2024-10-31,Noodles,4,253.34,Sunny,0,1,151,90
4931,2023-01-14,Burger,14,362.5,Rainy,0,1,156,360
4932,2023-02-11,Juice,9,56.71,Cloudy,0,1,249,372
4933,2024-11-15,Pasta,8,178.43,Hot,1,1,266,324
4934,2023-09-01,Tacos,2,50.46,Cloudy,0,0,186,127
4935,2023-01-31,Wrap,15,265.51,Cloudy,0,1,61,88
4936,2024-10-22,Coffee,6,323.45,Cloudy,0,0,46,92
4937,2023-02-28,Juice,7,248.48,Cloudy,0,1,78,167
4938,2023-06-22,Ice Cream,13,271.55,Hot,1,1,90,459
4939,2024-05-12,Sandwich,12,333.67,Cloudy,0,1,133,494
4940,2023-12-19,Wrap,4,300.84,Rainy,0,1,251,297
4941,2023-08-22,Ice Cream,1,291.97,Rainy,0,1,136,473
4942,2024-08-31,Tea,7,453.77,Sunny,1,0,146,378
4943,2024-10-13,Ice Cream,17,326.38,Sunny,1,1,164,470
4944,2024-10-12,Ice Cream,14,65.3,Sunny,1,0,236,466
4945,2024-07-09,Noodles,9,231.22,Hot,0,1,137,410
4946,2024-01-29,Tea,1,65.29,Rainy,1,1,106,405
4947,2023-09-16,Salad,12,82.93,Rainy,0,1,35,345
4948,2024-02-13,Coffee,16,225.65,Cloudy,0,0,65,308
4949,2024-05-03,Ice Cream,19,61.11,Rainy,1,0,135,330
4950,2024-02-01,Juice,4,341.94,Hot,1,0,34,328
4951,2023-09-24,Pasta,13,268.23,Rainy,1,0,183,439
4952,2023-07-29,Noodles,19,421.0,Sunny,1,1,239,54
4953,2023-02-08,Juice,7,133.77,Cloudy,0,0,181,256
4954,2023-10-15,Tacos,18,435.96,Cloudy,1,0,76,415
4955,2024-04-17,Fried Rice,13,231.06,Hot,0,0,128,346
4956,2024-05-29,Noodles,16,147.18,Rainy,0,0,50,486
4957,2023-11-09,Juice,16,258.26,Sunny,0,0,248,298
4958,2023-12-12,Pizza,13,197.14,Cloudy,1,1,193,93
4959,2023-09-10,Pasta,9,460.38,Hot,0,1,20,144
4960,2023-04-13,Pizza,2,94.08,Hot,1,0,226,402
4961,2023-01-11,Burger,14,152.64,Hot,1,0,128,206
4962,2023-10-27,Juice,16,396.9,Rainy,1,1,219,468
4963,2023-09-29,Noodles,3,195.64,Hot,1,1,122,149
4964,2023-10-08,Ice Cream,4,450.45,Cloudy,0,1,135,337
4965,2023-05-10,Fried Rice,2,496.89,Rainy,1,1,114,352
4966,2023-05-09,Ice Cream,7,126.08,Rainy,1,0,214,74
4967,2024-03-06,Tacos,12,459.07,Rainy,0,1,242,478
4968,2024-07-16,Burger,8,382.57,Hot,0,1,162,184
4969,2024-09-14,Coffee,2,270.77,Cloudy,1,0,263,430
4970,2023-05-13,Cake,8,86.32,Rainy,1,0,263,221
4971,2023-01-17,Coffee,12,369.62,Hot,0,1,243,249
4972,2023-06-15,Fried Rice,11,85.95,Hot,1,1,213,86
4973,2023-06-29,Pizza,15,398.57,Cloudy,0,0,275,278
4974,2024-09-04,Cake,11,485.36,Rainy,1,1,106,323
4975,2023-09-27,Noodles,4,87.92,Sunny,0,1,297,453
4976,2024-05-28,Wrap,13,345.71,Cloudy,0,0,96,399
4977,2023-10-10,Biryani,13,488.53,Hot,0,0,265,101
4978,2023-09-15,Burger,8,178.44,Sunny,1,1,152,118
4979,2023-06-17,Pizza,7,231.58,Sunny,0,1,68,270
4980,2023-01-03,Noodles,15,163.22,Cloudy,0,1,82,253
4981,2023-10-02,Biryani,15,233.56,Sunny,1,0,37,346
4982,2023-05-14,Cake,3,157.86,Sunny,0,1,93,289
4983,2024-02-12,Salad,3,96.09,Rainy,1,1,75,77
4984,2024-11-23,Coffee,7,481.2,Rainy,0,1,175,423
4985,2023-04-23,Pizza,5,368.0,Cloudy,1,1,107,160
4986,2023-09-05,Burger,14,457.21,Cloudy,1,0,285,376
4987,2023-07-22,Biryani,19,276.48,Rainy,1,0,23,210
4988,2024-06-27,Burger,4,411.99,Hot,1,1,288,67
4989,2024-09-27,Fried Rice,7,346.26,Cloudy,0,0,124,95
4990,2023-01-19,Ice Cream,15,490.54,Hot,0,1,91,282
4991,2023-07-18,Juice,12,93.78,Sunny,1,1,33,71
4992,2024-06-11,Coffee,13,488.83,Hot,1,0,37,176
4993,2024-06-23,Pasta,7,224.63,Cloudy,0,0,104,63
4994,2024-07-19,Wrap,19,292.38,Hot,0,0,280,474
4995,2024-09-12,Sandwich,16,366.21,Cloudy,0,0,294,171
4996,2024-11-01,Wrap,10,323.46,Rainy,0,0,209,229
4997,2024-11-09,Burger,12,468.86,Hot,1,1,108,388
4998,2024-10-21,Pasta,17,320.38,Sunny,0,1,158,344
4999,2023-09-20,Pasta,11,388.02,Sunny,0,0,139,465
5000,2024-04-29,Sandwich,15,326.56,Cloudy,1,1,208,403
